ADM2_EN,ADM2_TH,ADM2_PCODE,ADM1_EN,ADM1_TH,ADM1_PCODE,ADM0_EN,ADM0_TH,ADM0_PCODE,REGION9,REGION6,DESTINATION
Phra Nakhon,พระนคร,TH1001,Bangkok,กรุงเทพมหานคร,TH10,Thailand,ประเทศไทย,TH,ภาคกลาง,ภาคกลาง,เมืองหลัก
Dusit,ดุสิต,TH1002,Bangkok,กรุงเทพมหานคร,TH10,Thailand,ประเทศไทย,TH,ภาคกลาง,ภาคกลาง,เมืองหลัก
Nong Chok,หนองจอก,TH1003,Bangkok,กรุงเทพมหานคร,TH10,Thailand,ประเทศไทย,TH,ภาคกลาง,ภาคกลาง,เมืองหลัก
Bang Rak,บางรัก,TH1004,Bangkok,กรุงเทพมหานคร,TH10,Thailand,ประเทศไทย,TH,ภาคกลาง,ภาคกลาง,เมืองหลัก
Bang Khen,บางเขน,TH1005,Bangkok,กรุงเทพมหานคร,TH10,Thailand,ประเทศไทย,TH,ภาคกลาง,ภาคกลาง,เมืองหลัก
Bang Kapi,บางกะปิ,TH1006,Bangkok,กรุงเทพมหานคร,TH10,Thailand,ประเทศไทย,TH,ภาคกลาง,ภาคกลาง,เมืองหลัก
Pathum Wan,ปทุมวัน,TH1007,Bangkok,กรุงเทพมหานคร,TH10,Thailand,ประเทศไทย,TH,ภาคกลาง,ภาคกลาง,เมืองหลัก
Pom Prap Sattru Phai,ป้อมปราบศัตรูพ่า,TH1008,Bangkok,กรุงเทพมหานคร,TH10,Thailand,ประเทศไทย,TH,ภาคกลาง,ภาคกลาง,เมืองหลัก
Phra Khanong,พระโขนง,TH1009,Bangkok,กรุงเทพมหานคร,TH10,Thailand,ประเทศไทย,TH,ภาคกลาง,ภาคกลาง,เมืองหลัก
Min Buri,มีนบุรี,TH1010,Bangkok,กรุงเทพมหานคร,TH10,Thailand,ประเทศไทย,TH,ภาคกลาง,ภาคกลาง,เมืองหลัก
Lat Krabang,ลาดกระบัง,TH1011,Bangkok,กรุงเทพมหานคร,TH10,Thailand,ประเทศไทย,TH,ภาคกลาง,ภาคกลาง,เมืองหลัก
Yan Nawa,ยานนาวา,TH1012,Bangkok,กรุงเทพมหานคร,TH10,Thailand,ประเทศไทย,TH,ภาคกลาง,ภาคกลาง,เมืองหลัก
Samphanthawong,สัมพันธวงศ์,TH1013,Bangkok,กรุงเทพมหานคร,TH10,Thailand,ประเทศไทย,TH,ภาคกลาง,ภาคกลาง,เมืองหลัก
Phaya Thai,พญาไท,TH1014,Bangkok,กรุงเทพมหานคร,TH10,Thailand,ประเทศไทย,TH,ภาคกลาง,ภาคกลาง,เมืองหลัก
Thon Buri,ธนบุรี,TH1015,Bangkok,กรุงเทพมหานคร,TH10,Thailand,ประเทศไทย,TH,ภาคกลาง,ภาคกลาง,เมืองหลัก
Bangkok Yai,บางกอกใหญ่,TH1016,Bangkok,กรุงเทพมหานคร,TH10,Thailand,ประเทศไทย,TH,ภาคกลาง,ภาคกลาง,เมืองหลัก
Huai Khwang,ห้วยขวาง,TH1017,Bangkok,กรุงเทพมหานคร,TH10,Thailand,ประเทศไทย,TH,ภาคกลาง,ภาคกลาง,เมืองหลัก
Khlong San,คลองสาน,TH1018,Bangkok,กรุงเทพมหานคร,TH10,Thailand,ประเทศไทย,TH,ภาคกลาง,ภาคกลาง,เมืองหลัก
Taling Chan,ตลิ่งชัน,TH1019,Bangkok,กรุงเทพมหานคร,TH10,Thailand,ประเทศไทย,TH,ภาคกลาง,ภาคกลาง,เมืองหลัก
Bangkok Noi,บางกอกน้อย,TH1020,Bangkok,กรุงเทพมหานคร,TH10,Thailand,ประเทศไทย,TH,ภาคกลาง,ภาคกลาง,เมืองหลัก
Bang Khun Thian,บางขุนเทียน,TH1021,Bangkok,กรุงเทพมหานคร,TH10,Thailand,ประเทศไทย,TH,ภาคกลาง,ภาคกลาง,เมืองหลัก
Phasi Charoen,ภาษีเจริญ,TH1022,Bangkok,กรุงเทพมหานคร,TH10,Thailand,ประเทศไทย,TH,ภาคกลาง,ภาคกลาง,เมืองหลัก
Nong Khaem,หนองแขม,TH1023,Bangkok,กรุงเทพมหานคร,TH10,Thailand,ประเทศไทย,TH,ภาคกลาง,ภาคกลาง,เมืองหลัก
Rat Burana,ราษฎร์บูรณะ,TH1024,Bangkok,กรุงเทพมหานคร,TH10,Thailand,ประเทศไทย,TH,ภาคกลาง,ภาคกลาง,เมืองหลัก
Bang Phlat,บางพลัด,TH1025,Bangkok,กรุงเทพมหานคร,TH10,Thailand,ประเทศไทย,TH,ภาคกลาง,ภาคกลาง,เมืองหลัก
Din Daeng,ดินแดง,TH1026,Bangkok,กรุงเทพมหานคร,TH10,Thailand,ประเทศไทย,TH,ภาคกลาง,ภาคกลาง,เมืองหลัก
Bueng Kum,บึงกุ่ม,TH1027,Bangkok,กรุงเทพมหานคร,TH10,Thailand,ประเทศไทย,TH,ภาคกลาง,ภาคกลาง,เมืองหลัก
Sathon,สาทร,TH1028,Bangkok,กรุงเทพมหานคร,TH10,Thailand,ประเทศไทย,TH,ภาคกลาง,ภาคกลาง,เมืองหลัก
Bang Sue,บางซื่อ,TH1029,Bangkok,กรุงเทพมหานคร,TH10,Thailand,ประเทศไทย,TH,ภาคกลาง,ภาคกลาง,เมืองหลัก
Chatuchak,จตุจักร,TH1030,Bangkok,กรุงเทพมหานคร,TH10,Thailand,ประเทศไทย,TH,ภาคกลาง,ภาคกลาง,เมืองหลัก
Bang Kho Laem,บางคอแหลม,TH1031,Bangkok,กรุงเทพมหานคร,TH10,Thailand,ประเทศไทย,TH,ภาคกลาง,ภาคกลาง,เมืองหลัก
Prawet,ประเวศ,TH1032,Bangkok,กรุงเทพมหานคร,TH10,Thailand,ประเทศไทย,TH,ภาคกลาง,ภาคกลาง,เมืองหลัก
Khlong Toei,คลองเตย,TH1033,Bangkok,กรุงเทพมหานคร,TH10,Thailand,ประเทศไทย,TH,ภาคกลาง,ภาคกลาง,เมืองหลัก
Suan Luang,สวนหลวง,TH1034,Bangkok,กรุงเทพมหานคร,TH10,Thailand,ประเทศไทย,TH,ภาคกลาง,ภาคกลาง,เมืองหลัก
Chom Thong,จอมทอง,TH1035,Bangkok,กรุงเทพมหานคร,TH10,Thailand,ประเทศไทย,TH,ภาคกลาง,ภาคกลาง,เมืองหลัก
Don Mueang,ดอนเมือง,TH1036,Bangkok,กรุงเทพมหานคร,TH10,Thailand,ประเทศไทย,TH,ภาคกลาง,ภาคกลาง,เมืองหลัก
Ratchathewi,ราชเทวี,TH1037,Bangkok,กรุงเทพมหานคร,TH10,Thailand,ประเทศไทย,TH,ภาคกลาง,ภาคกลาง,เมืองหลัก
Lat Phrao,ลาดพร้าว,TH1038,Bangkok,กรุงเทพมหานคร,TH10,Thailand,ประเทศไทย,TH,ภาคกลาง,ภาคกลาง,เมืองหลัก
Vadhana,วัฒนา,TH1039,Bangkok,กรุงเทพมหานคร,TH10,Thailand,ประเทศไทย,TH,ภาคกลาง,ภาคกลาง,เมืองหลัก
Bang Khae,บางแค,TH1040,Bangkok,กรุงเทพมหานคร,TH10,Thailand,ประเทศไทย,TH,ภาคกลาง,ภาคกลาง,เมืองหลัก
Lak Si,หลักสี่,TH1041,Bangkok,กรุงเทพมหานคร,TH10,Thailand,ประเทศไทย,TH,ภาคกลาง,ภาคกลาง,เมืองหลัก
Sai Mai,สายไหม,TH1042,Bangkok,กรุงเทพมหานคร,TH10,Thailand,ประเทศไทย,TH,ภาคกลาง,ภาคกลาง,เมืองหลัก
Khan Na Yao,คันนายาว,TH1043,Bangkok,กรุงเทพมหานคร,TH10,Thailand,ประเทศไทย,TH,ภาคกลาง,ภาคกลาง,เมืองหลัก
Saphan Sung,สะพานสูง,TH1044,Bangkok,กรุงเทพมหานคร,TH10,Thailand,ประเทศไทย,TH,ภาคกลาง,ภาคกลาง,เมืองหลัก
Wang Thonglang,วังทองหลาง,TH1045,Bangkok,กรุงเทพมหานคร,TH10,Thailand,ประเทศไทย,TH,ภาคกลาง,ภาคกลาง,เมืองหลัก
Khlong Sam Wa,คลองสามวา,TH1046,Bangkok,กรุงเทพมหานคร,TH10,Thailand,ประเทศไทย,TH,ภาคกลาง,ภาคกลาง,เมืองหลัก
Bang Na,บางนา,TH1047,Bangkok,กรุงเทพมหานคร,TH10,Thailand,ประเทศไทย,TH,ภาคกลาง,ภาคกลาง,เมืองหลัก
Thawi Watthana,ทวีวัฒนา,TH1048,Bangkok,กรุงเทพมหานคร,TH10,Thailand,ประเทศไทย,TH,ภาคกลาง,ภาคกลาง,เมืองหลัก
Thung Khru,ทุ่งครุ,TH1049,Bangkok,กรุงเทพมหานคร,TH10,Thailand,ประเทศไทย,TH,ภาคกลาง,ภาคกลาง,เมืองหลัก
Bang Bon,บางบอน,TH1050,Bangkok,กรุงเทพมหานคร,TH10,Thailand,ประเทศไทย,TH,ภาคกลาง,ภาคกลาง,เมืองหลัก
Mueang Samut Prakan,เมืองสมุทรปราการ,TH1101,Samut Prakan,สมุทรปราการ,TH11,Thailand,ประเทศไทย,TH,ภาคกลาง,ภาคกลาง,เมืองหลัก
Bang Bo,บางบ่อ,TH1102,Samut Prakan,สมุทรปราการ,TH11,Thailand,ประเทศไทย,TH,ภาคกลาง,ภาคกลาง,เมืองหลัก
Bang Phli,บางพลี,TH1103,Samut Prakan,สมุทรปราการ,TH11,Thailand,ประเทศไทย,TH,ภาคกลาง,ภาคกลาง,เมืองหลัก
Phra Pradaeng,พระประแดง,TH1104,Samut Prakan,สมุทรปราการ,TH11,Thailand,ประเทศไทย,TH,ภาคกลาง,ภาคกลาง,เมืองหลัก
Phra Samut Chedi,พระสมุทรเจดีย์,TH1105,Samut Prakan,สมุทรปราการ,TH11,Thailand,ประเทศไทย,TH,ภาคกลาง,ภาคกลาง,เมืองหลัก
Bang Sao Thong,บางเสาธง,TH1106,Samut Prakan,สมุทรปราการ,TH11,Thailand,ประเทศไทย,TH,ภาคกลาง,ภาคกลาง,เมืองหลัก
Mueang Nonthaburi,เมืองนนทบุรี,TH1201,Nonthaburi,นนทบุรี,TH12,Thailand,ประเทศไทย,TH,ภาคกลาง,ภาคกลาง,เมืองหลัก
Bang Kruai,บางกรวย,TH1202,Nonthaburi,นนทบุรี,TH12,Thailand,ประเทศไทย,TH,ภาคกลาง,ภาคกลาง,เมืองหลัก
Bang Yai,บางใหญ่,TH1203,Nonthaburi,นนทบุรี,TH12,Thailand,ประเทศไทย,TH,ภาคกลาง,ภาคกลาง,เมืองหลัก
Bang Bua Thong,บางบัวทอง,TH1204,Nonthaburi,นนทบุรี,TH12,Thailand,ประเทศไทย,TH,ภาคกลาง,ภาคกลาง,เมืองหลัก
Sai Noi,ไทรน้อย,TH1205,Nonthaburi,นนทบุรี,TH12,Thailand,ประเทศไทย,TH,ภาคกลาง,ภาคกลาง,เมืองหลัก
Pak Kret,ปากเกร็ด,TH1206,Nonthaburi,นนทบุรี,TH12,Thailand,ประเทศไทย,TH,ภาคกลาง,ภาคกลาง,เมืองหลัก
Mueang Pathum Thani,เมืองปทุมธานี,TH1301,Pathum Thani,ปทุมธานี,TH13,Thailand,ประเทศไทย,TH,ภาคกลาง,ภาคกลาง,เมืองหลัก
Khlong Luang,คลองหลวง,TH1302,Pathum Thani,ปทุมธานี,TH13,Thailand,ประเทศไทย,TH,ภาคกลาง,ภาคกลาง,เมืองหลัก
Thanyaburi,ธัญบุรี,TH1303,Pathum Thani,ปทุมธานี,TH13,Thailand,ประเทศไทย,TH,ภาคกลาง,ภาคกลาง,เมืองหลัก
Nong Suea,หนองเสือ,TH1304,Pathum Thani,ปทุมธานี,TH13,Thailand,ประเทศไทย,TH,ภาคกลาง,ภาคกลาง,เมืองหลัก
Lat Lum Kaeo,ลาดหลุมแก้ว,TH1305,Pathum Thani,ปทุมธานี,TH13,Thailand,ประเทศไทย,TH,ภาคกลาง,ภาคกลาง,เมืองหลัก
Lam Luk Ka,ลำลูกกา,TH1306,Pathum Thani,ปทุมธานี,TH13,Thailand,ประเทศไทย,TH,ภาคกลาง,ภาคกลาง,เมืองหลัก
Sam Khok,สามโคก,TH1307,Pathum Thani,ปทุมธานี,TH13,Thailand,ประเทศไทย,TH,ภาคกลาง,ภาคกลาง,เมืองหลัก
Phra Nakhon Si Ayutthaya,พระนครศรีอยุธยา,TH1401,Phra Nakhon Si Ayutthaya,พระนครศรีอยุธยา,TH14,Thailand,ประเทศไทย,TH,ภาคกลาง,ภาคกลาง,เมืองหลัก
Tha Ruea,ท่าเรือ,TH1402,Phra Nakhon Si Ayutthaya,พระนครศรีอยุธยา,TH14,Thailand,ประเทศไทย,TH,ภาคกลาง,ภาคกลาง,เมืองหลัก
Nakhon Luang,นครหลวง,TH1403,Phra Nakhon Si Ayutthaya,พระนครศรีอยุธยา,TH14,Thailand,ประเทศไทย,TH,ภาคกลาง,ภาคกลาง,เมืองหลัก
Bang Sai,บางไทร,TH1404,Phra Nakhon Si Ayutthaya,พระนครศรีอยุธยา,TH14,Thailand,ประเทศไทย,TH,ภาคกลาง,ภาคกลาง,เมืองหลัก
Bang Ban,บางบาล,TH1405,Phra Nakhon Si Ayutthaya,พระนครศรีอยุธยา,TH14,Thailand,ประเทศไทย,TH,ภาคกลาง,ภาคกลาง,เมืองหลัก
Bang Pa-In,บางปะอิน,TH1406,Phra Nakhon Si Ayutthaya,พระนครศรีอยุธยา,TH14,Thailand,ประเทศไทย,TH,ภาคกลาง,ภาคกลาง,เมืองหลัก
Bang Pahan,บางปะหัน,TH1407,Phra Nakhon Si Ayutthaya,พระนครศรีอยุธยา,TH14,Thailand,ประเทศไทย,TH,ภาคกลาง,ภาคกลาง,เมืองหลัก
Phak Hai,ผักไห่,TH1408,Phra Nakhon Si Ayutthaya,พระนครศรีอยุธยา,TH14,Thailand,ประเทศไทย,TH,ภาคกลาง,ภาคกลาง,เมืองหลัก
Phachi,ภาชี,TH1409,Phra Nakhon Si Ayutthaya,พระนครศรีอยุธยา,TH14,Thailand,ประเทศไทย,TH,ภาคกลาง,ภาคกลาง,เมืองหลัก
Lat Bua Luang,ลาดบัวหลวง,TH1410,Phra Nakhon Si Ayutthaya,พระนครศรีอยุธยา,TH14,Thailand,ประเทศไทย,TH,ภาคกลาง,ภาคกลาง,เมืองหลัก
Wang Noi,วังน้อย,TH1411,Phra Nakhon Si Ayutthaya,พระนครศรีอยุธยา,TH14,Thailand,ประเทศไทย,TH,ภาคกลาง,ภาคกลาง,เมืองหลัก
Sena,เสนา,TH1412,Phra Nakhon Si Ayutthaya,พระนครศรีอยุธยา,TH14,Thailand,ประเทศไทย,TH,ภาคกลาง,ภาคกลาง,เมืองหลัก
Bang Sai,บางซ้าย,TH1413,Phra Nakhon Si Ayutthaya,พระนครศรีอยุธยา,TH14,Thailand,ประเทศไทย,TH,ภาคกลาง,ภาคกลาง,เมืองหลัก
Uthai,อุทัย,TH1414,Phra Nakhon Si Ayutthaya,พระนครศรีอยุธยา,TH14,Thailand,ประเทศไทย,TH,ภาคกลาง,ภาคกลาง,เมืองหลัก
Maha Rat,มหาราช,TH1415,Phra Nakhon Si Ayutthaya,พระนครศรีอยุธยา,TH14,Thailand,ประเทศไทย,TH,ภาคกลาง,ภาคกลาง,เมืองหลัก
Ban Phraek,บ้านแพรก,TH1416,Phra Nakhon Si Ayutthaya,พระนครศรีอยุธยา,TH14,Thailand,ประเทศไทย,TH,ภาคกลาง,ภาคกลาง,เมืองหลัก
Mueang Ang Thong,เมืองอ่างทอง,TH1501,Ang Thong,อ่างทอง,TH15,Thailand,ประเทศไทย,TH,ภาคกลาง,ภาคกลาง,เมืองรอง
Chaiyo,ไชโย,TH1502,Ang Thong,อ่างทอง,TH15,Thailand,ประเทศไทย,TH,ภาคกลาง,ภาคกลาง,เมืองรอง
Pa Mok,ป่าโมก,TH1503,Ang Thong,อ่างทอง,TH15,Thailand,ประเทศไทย,TH,ภาคกลาง,ภาคกลาง,เมืองรอง
Pho Thong,โพธิ์ทอง,TH1504,Ang Thong,อ่างทอง,TH15,Thailand,ประเทศไทย,TH,ภาคกลาง,ภาคกลาง,เมืองรอง
Sawaeng Ha,แสวงหา,TH1505,Ang Thong,อ่างทอง,TH15,Thailand,ประเทศไทย,TH,ภาคกลาง,ภาคกลาง,เมืองรอง
Wiset Chai Chan,วิเศษชัยชาญ,TH1506,Ang Thong,อ่างทอง,TH15,Thailand,ประเทศไทย,TH,ภาคกลาง,ภาคกลาง,เมืองรอง
Samko,สามโก้,TH1507,Ang Thong,อ่างทอง,TH15,Thailand,ประเทศไทย,TH,ภาคกลาง,ภาคกลาง,เมืองรอง
Mueang Lop Buri,เมืองลพบุรี,TH1601,Lop Buri,ลพบุรี,TH16,Thailand,ประเทศไทย,TH,ภาคกลาง,ภาคกลาง,เมืองรอง
Phatthana Nikhom,พัฒนานิคม,TH1602,Lop Buri,ลพบุรี,TH16,Thailand,ประเทศไทย,TH,ภาคกลาง,ภาคกลาง,เมืองรอง
Khok Samrong,โคกสำโรง,TH1603,Lop Buri,ลพบุรี,TH16,Thailand,ประเทศไทย,TH,ภาคกลาง,ภาคกลาง,เมืองรอง
Chai Badan,ชัยบาดาล,TH1604,Lop Buri,ลพบุรี,TH16,Thailand,ประเทศไทย,TH,ภาคกลาง,ภาคกลาง,เมืองรอง
Tha Wung,ท่าวุ้ง,TH1605,Lop Buri,ลพบุรี,TH16,Thailand,ประเทศไทย,TH,ภาคกลาง,ภาคกลาง,เมืองรอง
Ban Mi,บ้านหมี่,TH1606,Lop Buri,ลพบุรี,TH16,Thailand,ประเทศไทย,TH,ภาคกลาง,ภาคกลาง,เมืองรอง
Tha Luang,ท่าหลวง,TH1607,Lop Buri,ลพบุรี,TH16,Thailand,ประเทศไทย,TH,ภาคกลาง,ภาคกลาง,เมืองรอง
Sa Bot,สระโบสถ์,TH1608,Lop Buri,ลพบุรี,TH16,Thailand,ประเทศไทย,TH,ภาคกลาง,ภาคกลาง,เมืองรอง
Khok Charoen,โคกเจริญ,TH1609,Lop Buri,ลพบุรี,TH16,Thailand,ประเทศไทย,TH,ภาคกลาง,ภาคกลาง,เมืองรอง
Lam Sonthi,ลำสนธิ,TH1610,Lop Buri,ลพบุรี,TH16,Thailand,ประเทศไทย,TH,ภาคกลาง,ภาคกลาง,เมืองรอง
Nong Muang,หนองม่วง,TH1611,Lop Buri,ลพบุรี,TH16,Thailand,ประเทศไทย,TH,ภาคกลาง,ภาคกลาง,เมืองรอง
Mueang Sing Buri,เมืองสิงห์บุรี,TH1701,Sing Buri,สิงห์บุรี,TH17,Thailand,ประเทศไทย,TH,ภาคกลาง,ภาคกลาง,เมืองรอง
Bang Rachan,บางระจัน,TH1702,Sing Buri,สิงห์บุรี,TH17,Thailand,ประเทศไทย,TH,ภาคกลาง,ภาคกลาง,เมืองรอง
Khai Bang Rachan,ค่ายบางระจัน,TH1703,Sing Buri,สิงห์บุรี,TH17,Thailand,ประเทศไทย,TH,ภาคกลาง,ภาคกลาง,เมืองรอง
Phrom Buri,พรหมบุรี,TH1704,Sing Buri,สิงห์บุรี,TH17,Thailand,ประเทศไทย,TH,ภาคกลาง,ภาคกลาง,เมืองรอง
Tha Chang,ท่าช้าง,TH1705,Sing Buri,สิงห์บุรี,TH17,Thailand,ประเทศไทย,TH,ภาคกลาง,ภาคกลาง,เมืองรอง
In Buri,อินทร์บุรี,TH1706,Sing Buri,สิงห์บุรี,TH17,Thailand,ประเทศไทย,TH,ภาคกลาง,ภาคกลาง,เมืองรอง
Mueang Chai Nat,เมืองชัยนาท,TH1801,Chai Nat,ชัยนาท,TH18,Thailand,ประเทศไทย,TH,ภาคกลาง,ภาคกลาง,เมืองรอง
Manorom,มโนรมย์,TH1802,Chai Nat,ชัยนาท,TH18,Thailand,ประเทศไทย,TH,ภาคกลาง,ภาคกลาง,เมืองรอง
Wat Sing,วัดสิงห์,TH1803,Chai Nat,ชัยนาท,TH18,Thailand,ประเทศไทย,TH,ภาคกลาง,ภาคกลาง,เมืองรอง
Sapphaya,สรรพยา,TH1804,Chai Nat,ชัยนาท,TH18,Thailand,ประเทศไทย,TH,ภาคกลาง,ภาคกลาง,เมืองรอง
Sankhaburi,สรรคบุรี,TH1805,Chai Nat,ชัยนาท,TH18,Thailand,ประเทศไทย,TH,ภาคกลาง,ภาคกลาง,เมืองรอง
Hankha,หันคา,TH1806,Chai Nat,ชัยนาท,TH18,Thailand,ประเทศไทย,TH,ภาคกลาง,ภาคกลาง,เมืองรอง
Nong Mamong,หนองมะโมง,TH1807,Chai Nat,ชัยนาท,TH18,Thailand,ประเทศไทย,TH,ภาคกลาง,ภาคกลาง,เมืองรอง
Noen Kham,เนินขาม,TH1808,Chai Nat,ชัยนาท,TH18,Thailand,ประเทศไทย,TH,ภาคกลาง,ภาคกลาง,เมืองรอง
Mueang Saraburi,เมืองสระบุรี,TH1901,Saraburi,สระบุรี,TH19,Thailand,ประเทศไทย,TH,ภาคกลาง,ภาคกลาง,เมืองหลัก
Kaeng Khoi,แก่งคอย,TH1902,Saraburi,สระบุรี,TH19,Thailand,ประเทศไทย,TH,ภาคกลาง,ภาคกลาง,เมืองหลัก
Nong Khae,หนองแค,TH1903,Saraburi,สระบุรี,TH19,Thailand,ประเทศไทย,TH,ภาคกลาง,ภาคกลาง,เมืองหลัก
Wihan Daeng,วิหารแดง,TH1904,Saraburi,สระบุรี,TH19,Thailand,ประเทศไทย,TH,ภาคกลาง,ภาคกลาง,เมืองหลัก
Nong Saeng,หนองแซง,TH1905,Saraburi,สระบุรี,TH19,Thailand,ประเทศไทย,TH,ภาคกลาง,ภาคกลาง,เมืองหลัก
Ban Mo,บ้านหมอ,TH1906,Saraburi,สระบุรี,TH19,Thailand,ประเทศไทย,TH,ภาคกลาง,ภาคกลาง,เมืองหลัก
Don Phut,ดอนพุด,TH1907,Saraburi,สระบุรี,TH19,Thailand,ประเทศไทย,TH,ภาคกลาง,ภาคกลาง,เมืองหลัก
Nong Don,หนองโดน,TH1908,Saraburi,สระบุรี,TH19,Thailand,ประเทศไทย,TH,ภาคกลาง,ภาคกลาง,เมืองหลัก
Phra Phutthabat,พระพุทธบาท,TH1909,Saraburi,สระบุรี,TH19,Thailand,ประเทศไทย,TH,ภาคกลาง,ภาคกลาง,เมืองหลัก
Sao Hai,เสาไห้,TH1910,Saraburi,สระบุรี,TH19,Thailand,ประเทศไทย,TH,ภาคกลาง,ภาคกลาง,เมืองหลัก
Muak Lek,มวกเหล็ก,TH1911,Saraburi,สระบุรี,TH19,Thailand,ประเทศไทย,TH,ภาคกลาง,ภาคกลาง,เมืองหลัก
Wang Muang,วังม่วง,TH1912,Saraburi,สระบุรี,TH19,Thailand,ประเทศไทย,TH,ภาคกลาง,ภาคกลาง,เมืองหลัก
Chaloem Phra Kiat,เฉลิมพระเกียรติ,TH1913,Saraburi,สระบุรี,TH19,Thailand,ประเทศไทย,TH,ภาคกลาง,ภาคกลาง,เมืองหลัก
Mueang Nakhon Nayok,เมืองนครนายก,TH2601,Nakhon Nayok,นครนายก,TH26,Thailand,ประเทศไทย,TH,ภาคตะวันออก,ภาคกลาง,เมืองรอง
Pak Phli,ปากพลี,TH2602,Nakhon Nayok,นครนายก,TH26,Thailand,ประเทศไทย,TH,ภาคตะวันออก,ภาคกลาง,เมืองรอง
Ban Na,บ้านนา,TH2603,Nakhon Nayok,นครนายก,TH26,Thailand,ประเทศไทย,TH,ภาคตะวันออก,ภาคกลาง,เมืองรอง
Ongkharak,องครักษ์,TH2604,Nakhon Nayok,นครนายก,TH26,Thailand,ประเทศไทย,TH,ภาคตะวันออก,ภาคกลาง,เมืองรอง
Mueang Nakhon Sawan,เมืองนครสวรรค์,TH6001,Nakhon Sawan,นครสวรรค์,TH60,Thailand,ประเทศไทย,TH,ภาคเหนือตอนล่าง,ภาคกลาง,เมืองรอง
Krok Phra,โกรกพระ,TH6002,Nakhon Sawan,นครสวรรค์,TH60,Thailand,ประเทศไทย,TH,ภาคเหนือตอนล่าง,ภาคกลาง,เมืองรอง
Chum Saeng,ชุมแสง,TH6003,Nakhon Sawan,นครสวรรค์,TH60,Thailand,ประเทศไทย,TH,ภาคเหนือตอนล่าง,ภาคกลาง,เมืองรอง
Nong Bua,หนองบัว,TH6004,Nakhon Sawan,นครสวรรค์,TH60,Thailand,ประเทศไทย,TH,ภาคเหนือตอนล่าง,ภาคกลาง,เมืองรอง
Banphot Phisai,บรรพตพิสัย,TH6005,Nakhon Sawan,นครสวรรค์,TH60,Thailand,ประเทศไทย,TH,ภาคเหนือตอนล่าง,ภาคกลาง,เมืองรอง
Kao Liao,เก้าเลี้ยว,TH6006,Nakhon Sawan,นครสวรรค์,TH60,Thailand,ประเทศไทย,TH,ภาคเหนือตอนล่าง,ภาคกลาง,เมืองรอง
Takhli,ตาคลี,TH6007,Nakhon Sawan,นครสวรรค์,TH60,Thailand,ประเทศไทย,TH,ภาคเหนือตอนล่าง,ภาคกลาง,เมืองรอง
Tha Tako,ท่าตะโก,TH6008,Nakhon Sawan,นครสวรรค์,TH60,Thailand,ประเทศไทย,TH,ภาคเหนือตอนล่าง,ภาคกลาง,เมืองรอง
Phaisali,ไพศาลี,TH6009,Nakhon Sawan,นครสวรรค์,TH60,Thailand,ประเทศไทย,TH,ภาคเหนือตอนล่าง,ภาคกลาง,เมืองรอง
Phayuha Khiri,พยุหะคีรี,TH6010,Nakhon Sawan,นครสวรรค์,TH60,Thailand,ประเทศไทย,TH,ภาคเหนือตอนล่าง,ภาคกลาง,เมืองรอง
Lat Yao,ลาดยาว,TH6011,Nakhon Sawan,นครสวรรค์,TH60,Thailand,ประเทศไทย,TH,ภาคเหนือตอนล่าง,ภาคกลาง,เมืองรอง
Tak Fa,ตากฟ้า,TH6012,Nakhon Sawan,นครสวรรค์,TH60,Thailand,ประเทศไทย,TH,ภาคเหนือตอนล่าง,ภาคกลาง,เมืองรอง
Mae Wong,แม่วงก์,TH6013,Nakhon Sawan,นครสวรรค์,TH60,Thailand,ประเทศไทย,TH,ภาคเหนือตอนล่าง,ภาคกลาง,เมืองรอง
Mae Poen,แม่เปิน,TH6014,Nakhon Sawan,นครสวรรค์,TH60,Thailand,ประเทศไทย,TH,ภาคเหนือตอนล่าง,ภาคกลาง,เมืองรอง
Chum Ta Bong,ชุมตาบง,TH6015,Nakhon Sawan,นครสวรรค์,TH60,Thailand,ประเทศไทย,TH,ภาคเหนือตอนล่าง,ภาคกลาง,เมืองรอง
Mueang Uthai Thani,เมืองอุทัยธานี,TH6101,Uthai Thani,อุทัยธานี,TH61,Thailand,ประเทศไทย,TH,ภาคเหนือตอนล่าง,ภาคกลาง,เมืองรอง
Thap Than,ทัพทัน,TH6102,Uthai Thani,อุทัยธานี,TH61,Thailand,ประเทศไทย,TH,ภาคเหนือตอนล่าง,ภาคกลาง,เมืองรอง
Sawang Arom,สว่างอารมณ์,TH6103,Uthai Thani,อุทัยธานี,TH61,Thailand,ประเทศไทย,TH,ภาคเหนือตอนล่าง,ภาคกลาง,เมืองรอง
Nong Chang,หนองฉาง,TH6104,Uthai Thani,อุทัยธานี,TH61,Thailand,ประเทศไทย,TH,ภาคเหนือตอนล่าง,ภาคกลาง,เมืองรอง
Nong Khayang,หนองขาหย่าง,TH6105,Uthai Thani,อุทัยธานี,TH61,Thailand,ประเทศไทย,TH,ภาคเหนือตอนล่าง,ภาคกลาง,เมืองรอง
Ban Rai,บ้านไร่,TH6106,Uthai Thani,อุทัยธานี,TH61,Thailand,ประเทศไทย,TH,ภาคเหนือตอนล่าง,ภาคกลาง,เมืองรอง
Lan Sak,ลานสัก,TH6107,Uthai Thani,อุทัยธานี,TH61,Thailand,ประเทศไทย,TH,ภาคเหนือตอนล่าง,ภาคกลาง,เมืองรอง
Huai Khot,ห้วยคต,TH6108,Uthai Thani,อุทัยธานี,TH61,Thailand,ประเทศไทย,TH,ภาคเหนือตอนล่าง,ภาคกลาง,เมืองรอง
Mueang Kamphaeng Phet,เมืองกำแพงเพชร,TH6201,Kamphaeng Phet,กำแพงเพชร,TH62,Thailand,ประเทศไทย,TH,ภาคเหนือตอนล่าง,ภาคกลาง,เมืองรอง
Sai Ngam,ไทรงาม,TH6202,Kamphaeng Phet,กำแพงเพชร,TH62,Thailand,ประเทศไทย,TH,ภาคเหนือตอนล่าง,ภาคกลาง,เมืองรอง
Khlong Lan,คลองลาน,TH6203,Kamphaeng Phet,กำแพงเพชร,TH62,Thailand,ประเทศไทย,TH,ภาคเหนือตอนล่าง,ภาคกลาง,เมืองรอง
Khanu Woralaksaburi,ขาณุวรลักษบุรี,TH6204,Kamphaeng Phet,กำแพงเพชร,TH62,Thailand,ประเทศไทย,TH,ภาคเหนือตอนล่าง,ภาคกลาง,เมืองรอง
Khlong Khlung,คลองขลุง,TH6205,Kamphaeng Phet,กำแพงเพชร,TH62,Thailand,ประเทศไทย,TH,ภาคเหนือตอนล่าง,ภาคกลาง,เมืองรอง
Phran Kratai,พรานกระต่าย,TH6206,Kamphaeng Phet,กำแพงเพชร,TH62,Thailand,ประเทศไทย,TH,ภาคเหนือตอนล่าง,ภาคกลาง,เมืองรอง
Lan Krabue,ลานกระบือ,TH6207,Kamphaeng Phet,กำแพงเพชร,TH62,Thailand,ประเทศไทย,TH,ภาคเหนือตอนล่าง,ภาคกลาง,เมืองรอง
Sai Thong Watthana,ทรายทองวัฒนา,TH6208,Kamphaeng Phet,กำแพงเพชร,TH62,Thailand,ประเทศไทย,TH,ภาคเหนือตอนล่าง,ภาคกลาง,เมืองรอง
Pang Sila Thong,ปางศิลาทอง,TH6209,Kamphaeng Phet,กำแพงเพชร,TH62,Thailand,ประเทศไทย,TH,ภาคเหนือตอนล่าง,ภาคกลาง,เมืองรอง
Bueng Samakkhi,บึงสามัคคี,TH6210,Kamphaeng Phet,กำแพงเพชร,TH62,Thailand,ประเทศไทย,TH,ภาคเหนือตอนล่าง,ภาคกลาง,เมืองรอง
Kosamphi Nakhon,โกสัมพีนคร,TH6211,Kamphaeng Phet,กำแพงเพชร,TH62,Thailand,ประเทศไทย,TH,ภาคเหนือตอนล่าง,ภาคกลาง,เมืองรอง
Mueang Sukhothai,เมืองสุโขทัย,TH6401,Sukhothai,สุโขทัย,TH64,Thailand,ประเทศไทย,TH,ภาคเหนือตอนล่าง,ภาคกลาง,เมืองรอง
Ban Dan Lan Hoi,บ้านด่านลานหอย,TH6402,Sukhothai,สุโขทัย,TH64,Thailand,ประเทศไทย,TH,ภาคเหนือตอนล่าง,ภาคกลาง,เมืองรอง
Khiri Mat,คีรีมาศ,TH6403,Sukhothai,สุโขทัย,TH64,Thailand,ประเทศไทย,TH,ภาคเหนือตอนล่าง,ภาคกลาง,เมืองรอง
Kong Krailat,กงไกรลาศ,TH6404,Sukhothai,สุโขทัย,TH64,Thailand,ประเทศไทย,TH,ภาคเหนือตอนล่าง,ภาคกลาง,เมืองรอง
Si Satchanalai,ศรีสัชนาลัย,TH6405,Sukhothai,สุโขทัย,TH64,Thailand,ประเทศไทย,TH,ภาคเหนือตอนล่าง,ภาคกลาง,เมืองรอง
Si Samrong,ศรีสำโรง,TH6406,Sukhothai,สุโขทัย,TH64,Thailand,ประเทศไทย,TH,ภาคเหนือตอนล่าง,ภาคกลาง,เมืองรอง
Sawankhalok,สวรรคโลก,TH6407,Sukhothai,สุโขทัย,TH64,Thailand,ประเทศไทย,TH,ภาคเหนือตอนล่าง,ภาคกลาง,เมืองรอง
Si Nakhon,ศรีนคร,TH6408,Sukhothai,สุโขทัย,TH64,Thailand,ประเทศไทย,TH,ภาคเหนือตอนล่าง,ภาคกลาง,เมืองรอง
Thung Saliam,ทุ่งเสลี่ยม,TH6409,Sukhothai,สุโขทัย,TH64,Thailand,ประเทศไทย,TH,ภาคเหนือตอนล่าง,ภาคกลาง,เมืองรอง
Mueang Phitsanulok,เมืองพิษณุโลก,TH6501,Phitsanulok,พิษณุโลก,TH65,Thailand,ประเทศไทย,TH,ภาคเหนือตอนล่าง,ภาคกลาง,เมืองรอง
Nakhon Thai,นครไทย,TH6502,Phitsanulok,พิษณุโลก,TH65,Thailand,ประเทศไทย,TH,ภาคเหนือตอนล่าง,ภาคกลาง,เมืองรอง
Chat Trakan,ชาติตระการ,TH6503,Phitsanulok,พิษณุโลก,TH65,Thailand,ประเทศไทย,TH,ภาคเหนือตอนล่าง,ภาคกลาง,เมืองรอง
Bang Rakam,บางระกำ,TH6504,Phitsanulok,พิษณุโลก,TH65,Thailand,ประเทศไทย,TH,ภาคเหนือตอนล่าง,ภาคกลาง,เมืองรอง
Bang Krathum,บางกระทุ่ม,TH6505,Phitsanulok,พิษณุโลก,TH65,Thailand,ประเทศไทย,TH,ภาคเหนือตอนล่าง,ภาคกลาง,เมืองรอง
Phrom Phiram,พรหมพิราม,TH6506,Phitsanulok,พิษณุโลก,TH65,Thailand,ประเทศไทย,TH,ภาคเหนือตอนล่าง,ภาคกลาง,เมืองรอง
Wat Bot,วัดโบสถ์,TH6507,Phitsanulok,พิษณุโลก,TH65,Thailand,ประเทศไทย,TH,ภาคเหนือตอนล่าง,ภาคกลาง,เมืองรอง
Wang Thong,วังทอง,TH6508,Phitsanulok,พิษณุโลก,TH65,Thailand,ประเทศไทย,TH,ภาคเหนือตอนล่าง,ภาคกลาง,เมืองรอง
Noen Maprang,เนินมะปราง,TH6509,Phitsanulok,พิษณุโลก,TH65,Thailand,ประเทศไทย,TH,ภาคเหนือตอนล่าง,ภาคกลาง,เมืองรอง
Mueang Phichit,เมืองพิจิตร,TH6601,Phichit,พิจิตร,TH66,Thailand,ประเทศไทย,TH,ภาคเหนือตอนล่าง,ภาคกลาง,เมืองรอง
Wang Sai Phun,วังทรายพูน,TH6602,Phichit,พิจิตร,TH66,Thailand,ประเทศไทย,TH,ภาคเหนือตอนล่าง,ภาคกลาง,เมืองรอง
Pho Prathap Chang,โพธิ์ประทับช้าง,TH6603,Phichit,พิจิตร,TH66,Thailand,ประเทศไทย,TH,ภาคเหนือตอนล่าง,ภาคกลาง,เมืองรอง
Taphan Hin,ตะพานหิน,TH6604,Phichit,พิจิตร,TH66,Thailand,ประเทศไทย,TH,ภาคเหนือตอนล่าง,ภาคกลาง,เมืองรอง
Bang Mun Nak,บางมูลนาก,TH6605,Phichit,พิจิตร,TH66,Thailand,ประเทศไทย,TH,ภาคเหนือตอนล่าง,ภาคกลาง,เมืองรอง
Pho Thale,โพทะเล,TH6606,Phichit,พิจิตร,TH66,Thailand,ประเทศไทย,TH,ภาคเหนือตอนล่าง,ภาคกลาง,เมืองรอง
Sam Ngam,สามง่าม,TH6607,Phichit,พิจิตร,TH66,Thailand,ประเทศไทย,TH,ภาคเหนือตอนล่าง,ภาคกลาง,เมืองรอง
Tap Khlo,ทับคล้อ,TH6608,Phichit,พิจิตร,TH66,Thailand,ประเทศไทย,TH,ภาคเหนือตอนล่าง,ภาคกลาง,เมืองรอง
Sak Lek,สากเหล็ก,TH6609,Phichit,พิจิตร,TH66,Thailand,ประเทศไทย,TH,ภาคเหนือตอนล่าง,ภาคกลาง,เมืองรอง
Bueng Na Rang,บึงนาราง,TH6610,Phichit,พิจิตร,TH66,Thailand,ประเทศไทย,TH,ภาคเหนือตอนล่าง,ภาคกลาง,เมืองรอง
Dong Charoen,ดงเจริญ,TH6611,Phichit,พิจิตร,TH66,Thailand,ประเทศไทย,TH,ภาคเหนือตอนล่าง,ภาคกลาง,เมืองรอง
Wachirabarami,วชิรบารมี,TH6612,Phichit,พิจิตร,TH66,Thailand,ประเทศไทย,TH,ภาคเหนือตอนล่าง,ภาคกลาง,เมืองรอง
Mueang Phetchabun,เมืองเพชรบูรณ์,TH6701,Phetchabun,เพชรบูรณ์,TH67,Thailand,ประเทศไทย,TH,ภาคเหนือตอนล่าง,ภาคกลาง,เมืองรอง
Chon Daen,ชนแดน,TH6702,Phetchabun,เพชรบูรณ์,TH67,Thailand,ประเทศไทย,TH,ภาคเหนือตอนล่าง,ภาคกลาง,เมืองรอง
Lom Sak,หล่มสัก,TH6703,Phetchabun,เพชรบูรณ์,TH67,Thailand,ประเทศไทย,TH,ภาคเหนือตอนล่าง,ภาคกลาง,เมืองรอง
Lom Kao,หล่มเก่า,TH6704,Phetchabun,เพชรบูรณ์,TH67,Thailand,ประเทศไทย,TH,ภาคเหนือตอนล่าง,ภาคกลาง,เมืองรอง
Wichian Buri,วิเชียรบุรี,TH6705,Phetchabun,เพชรบูรณ์,TH67,Thailand,ประเทศไทย,TH,ภาคเหนือตอนล่าง,ภาคกลาง,เมืองรอง
Si Thep,ศรีเทพ,TH6706,Phetchabun,เพชรบูรณ์,TH67,Thailand,ประเทศไทย,TH,ภาคเหนือตอนล่าง,ภาคกลาง,เมืองรอง
Nong Phai,หนองไผ่,TH6707,Phetchabun,เพชรบูรณ์,TH67,Thailand,ประเทศไทย,TH,ภาคเหนือตอนล่าง,ภาคกลาง,เมืองรอง
Bueng Sam Phan,บึงสามพัน,TH6708,Phetchabun,เพชรบูรณ์,TH67,Thailand,ประเทศไทย,TH,ภาคเหนือตอนล่าง,ภาคกลาง,เมืองรอง
Nam Nao,น้ำหนาว,TH6709,Phetchabun,เพชรบูรณ์,TH67,Thailand,ประเทศไทย,TH,ภาคเหนือตอนล่าง,ภาคกลาง,เมืองรอง
Wang Pong,วังโป่ง,TH6710,Phetchabun,เพชรบูรณ์,TH67,Thailand,ประเทศไทย,TH,ภาคเหนือตอนล่าง,ภาคกลาง,เมืองรอง
Khao Kho,เขาค้อ,TH6711,Phetchabun,เพชรบูรณ์,TH67,Thailand,ประเทศไทย,TH,ภาคเหนือตอนล่าง,ภาคกลาง,เมืองรอง
Mueang Suphan Buri,เมืองสุพรรณบุรี,TH7201,Suphan Buri,สุพรรณบุรี,TH72,Thailand,ประเทศไทย,TH,ภาคตะวันตก,ภาคกลาง,เมืองรอง
Doem Bang Nang Buat,เดิมบางนางบวช,TH7202,Suphan Buri,สุพรรณบุรี,TH72,Thailand,ประเทศไทย,TH,ภาคตะวันตก,ภาคกลาง,เมืองรอง
Dan Chang,ด่านช้าง,TH7203,Suphan Buri,สุพรรณบุรี,TH72,Thailand,ประเทศไทย,TH,ภาคตะวันตก,ภาคกลาง,เมืองรอง
Bang Pla Ma,บางปลาม้า,TH7204,Suphan Buri,สุพรรณบุรี,TH72,Thailand,ประเทศไทย,TH,ภาคตะวันตก,ภาคกลาง,เมืองรอง
Si Prachan,ศรีประจันต์,TH7205,Suphan Buri,สุพรรณบุรี,TH72,Thailand,ประเทศไทย,TH,ภาคตะวันตก,ภาคกลาง,เมืองรอง
Don Chedi,ดอนเจดีย์,TH7206,Suphan Buri,สุพรรณบุรี,TH72,Thailand,ประเทศไทย,TH,ภาคตะวันตก,ภาคกลาง,เมืองรอง
Song Phi Nong,สองพี่น้อง,TH7207,Suphan Buri,สุพรรณบุรี,TH72,Thailand,ประเทศไทย,TH,ภาคตะวันตก,ภาคกลาง,เมืองรอง
Sam Chuk,สามชุก,TH7208,Suphan Buri,สุพรรณบุรี,TH72,Thailand,ประเทศไทย,TH,ภาคตะวันตก,ภาคกลาง,เมืองรอง
U Thong,อู่ทอง,TH7209,Suphan Buri,สุพรรณบุรี,TH72,Thailand,ประเทศไทย,TH,ภาคตะวันตก,ภาคกลาง,เมืองรอง
Nong Ya Sai,หนองหญ้าไซ,TH7210,Suphan Buri,สุพรรณบุรี,TH72,Thailand,ประเทศไทย,TH,ภาคตะวันตก,ภาคกลาง,เมืองรอง
Mueang Nakhon Pathom,เมืองนครปฐม,TH7301,Nakhon Pathom,นครปฐม,TH73,Thailand,ประเทศไทย,TH,ภาคตะวันตก,ภาคกลาง,เมืองหลัก
Kamphaeng Saen,กำแพงแสน,TH7302,Nakhon Pathom,นครปฐม,TH73,Thailand,ประเทศไทย,TH,ภาคตะวันตก,ภาคกลาง,เมืองหลัก
Nakhon Chai Si,นครชัยศรี,TH7303,Nakhon Pathom,นครปฐม,TH73,Thailand,ประเทศไทย,TH,ภาคตะวันตก,ภาคกลาง,เมืองหลัก
Don Tum,ดอนตูม,TH7304,Nakhon Pathom,นครปฐม,TH73,Thailand,ประเทศไทย,TH,ภาคตะวันตก,ภาคกลาง,เมืองหลัก
Bang Len,บางเลน,TH7305,Nakhon Pathom,นครปฐม,TH73,Thailand,ประเทศไทย,TH,ภาคตะวันตก,ภาคกลาง,เมืองหลัก
Sam Phran,สามพราน,TH7306,Nakhon Pathom,นครปฐม,TH73,Thailand,ประเทศไทย,TH,ภาคตะวันตก,ภาคกลาง,เมืองหลัก
Phutthamonthon,พุทธมณฑล,TH7307,Nakhon Pathom,นครปฐม,TH73,Thailand,ประเทศไทย,TH,ภาคตะวันตก,ภาคกลาง,เมืองหลัก
Mueang Samut Sakhon,เมืองสมุทรสาคร,TH7401,Samut Sakhon,สมุทรสาคร,TH74,Thailand,ประเทศไทย,TH,ภาคตะวันตก,ภาคกลาง,เมืองหลัก
Krathum Baen,กระทุ่มแบน,TH7402,Samut Sakhon,สมุทรสาคร,TH74,Thailand,ประเทศไทย,TH,ภาคตะวันตก,ภาคกลาง,เมืองหลัก
Ban Phaeo,บ้านแพ้ว,TH7403,Samut Sakhon,สมุทรสาคร,TH74,Thailand,ประเทศไทย,TH,ภาคตะวันตก,ภาคกลาง,เมืองหลัก
Mueang Samut Songkhram,เมืองสมุทรสงคราม,TH7501,Samut Songkhram,สมุทรสงคราม,TH75,Thailand,ประเทศไทย,TH,ภาคตะวันตก,ภาคกลาง,เมืองรอง
Bang Khonthi,บางคนที,TH7502,Samut Songkhram,สมุทรสงคราม,TH75,Thailand,ประเทศไทย,TH,ภาคตะวันตก,ภาคกลาง,เมืองรอง
Amphawa,อัมพวา,TH7503,Samut Songkhram,สมุทรสงคราม,TH75,Thailand,ประเทศไทย,TH,ภาคตะวันตก,ภาคกลาง,เมืองรอง
