ADM2_EN,ADM2_TH,ADM2_PCODE,ADM1_EN,ADM1_TH,ADM1_PCODE,ADM0_EN,ADM0_TH,ADM0_PCODE,REGION9,REGION6,DESTINATION
Mueang Nakhon Ratchasima,เมืองนครราชสีมา,TH3001,Nakhon Ratchasima,นครราชสีมา,TH30,Thailand,ประเทศไทย,TH,ภาคตะวันออกเฉียงเหนือตอนล่าง,ภาคตะวันออกเฉียงเหนือ,เมืองหลัก
Khon Buri,ครบุรี,TH3002,Nakhon Ratchasima,นครราชสีมา,TH30,Thailand,ประเทศไทย,TH,ภาคตะวันออกเฉียงเหนือตอนล่าง,ภาคตะวันออกเฉียงเหนือ,เมืองหลัก
Soeng Sang,เสิงสาง,TH3003,Nakhon Ratchasima,นครราชสีมา,TH30,Thailand,ประเทศไทย,TH,ภาคตะวันออกเฉียงเหนือตอนล่าง,ภาคตะวันออกเฉียงเหนือ,เมืองหลัก
Khong,คง,TH3004,Nakhon Ratchasima,นครราชสีมา,TH30,Thailand,ประเทศไทย,TH,ภาคตะวันออกเฉียงเหนือตอนล่าง,ภาคตะวันออกเฉียงเหนือ,เมืองหลัก
Ban Lueam,บ้านเหลื่อม,TH3005,Nakhon Ratchasima,นครราชสีมา,TH30,Thailand,ประเทศไทย,TH,ภาคตะวันออกเฉียงเหนือตอนล่าง,ภาคตะวันออกเฉียงเหนือ,เมืองหลัก
Chakkarat,จักราช,TH3006,Nakhon Ratchasima,นครราชสีมา,TH30,Thailand,ประเทศไทย,TH,ภาคตะวันออกเฉียงเหนือตอนล่าง,ภาคตะวันออกเฉียงเหนือ,เมืองหลัก
Chok Chai,โชคชัย,TH3007,Nakhon Ratchasima,นครราชสีมา,TH30,Thailand,ประเทศไทย,TH,ภาคตะวันออกเฉียงเหนือตอนล่าง,ภาคตะวันออกเฉียงเหนือ,เมืองหลัก
Dan Khun Thot,ด่านขุนทด,TH3008,Nakhon Ratchasima,นครราชสีมา,TH30,Thailand,ประเทศไทย,TH,ภาคตะวันออกเฉียงเหนือตอนล่าง,ภาคตะวันออกเฉียงเหนือ,เมืองหลัก
Non Thai,โนนไทย,TH3009,Nakhon Ratchasima,นครราชสีมา,TH30,Thailand,ประเทศไทย,TH,ภาคตะวันออกเฉียงเหนือตอนล่าง,ภาคตะวันออกเฉียงเหนือ,เมืองหลัก
Non Sung,โนนสูง,TH3010,Nakhon Ratchasima,นครราชสีมา,TH30,Thailand,ประเทศไทย,TH,ภาคตะวันออกเฉียงเหนือตอนล่าง,ภาคตะวันออกเฉียงเหนือ,เมืองหลัก
Kham Sakaesaeng,ขามสะแกแสง,TH3011,Nakhon Ratchasima,นครราชสีมา,TH30,Thailand,ประเทศไทย,TH,ภาคตะวันออกเฉียงเหนือตอนล่าง,ภาคตะวันออกเฉียงเหนือ,เมืองหลัก
Bua Yai,บัวใหญ่,TH3012,Nakhon Ratchasima,นครราชสีมา,TH30,Thailand,ประเทศไทย,TH,ภาคตะวันออกเฉียงเหนือตอนล่าง,ภาคตะวันออกเฉียงเหนือ,เมืองหลัก
Prathai,ประทาย,TH3013,Nakhon Ratchasima,นครราชสีมา,TH30,Thailand,ประเทศไทย,TH,ภาคตะวันออกเฉียงเหนือตอนล่าง,ภาคตะวันออกเฉียงเหนือ,เมืองหลัก
Pak Thong Chai,ปักธงชัย,TH3014,Nakhon Ratchasima,นครราชสีมา,TH30,Thailand,ประเทศไทย,TH,ภาคตะวันออกเฉียงเหนือตอนล่าง,ภาคตะวันออกเฉียงเหนือ,เมืองหลัก
Phimai,พิมาย,TH3015,Nakhon Ratchasima,นครราชสีมา,TH30,Thailand,ประเทศไทย,TH,ภาคตะวันออกเฉียงเหนือตอนล่าง,ภาคตะวันออกเฉียงเหนือ,เมืองหลัก
Huai Thalaeng,ห้วยแถลง,TH3016,Nakhon Ratchasima,นครราชสีมา,TH30,Thailand,ประเทศไทย,TH,ภาคตะวันออกเฉียงเหนือตอนล่าง,ภาคตะวันออกเฉียงเหนือ,เมืองหลัก
Chum Phuang,ชุมพวง,TH3017,Nakhon Ratchasima,นครราชสีมา,TH30,Thailand,ประเทศไทย,TH,ภาคตะวันออกเฉียงเหนือตอนล่าง,ภาคตะวันออกเฉียงเหนือ,เมืองหลัก
Sung Noen,สูงเนิน,TH3018,Nakhon Ratchasima,นครราชสีมา,TH30,Thailand,ประเทศไทย,TH,ภาคตะวันออกเฉียงเหนือตอนล่าง,ภาคตะวันออกเฉียงเหนือ,เมืองหลัก
Kham Thale So,ขามทะเลสอ,TH3019,Nakhon Ratchasima,นครราชสีมา,TH30,Thailand,ประเทศไทย,TH,ภาคตะวันออกเฉียงเหนือตอนล่าง,ภาคตะวันออกเฉียงเหนือ,เมืองหลัก
Sikhio,สีคิ้ว,TH3020,Nakhon Ratchasima,นครราชสีมา,TH30,Thailand,ประเทศไทย,TH,ภาคตะวันออกเฉียงเหนือตอนล่าง,ภาคตะวันออกเฉียงเหนือ,เมืองหลัก
Pak Chong,ปากช่อง,TH3021,Nakhon Ratchasima,นครราชสีมา,TH30,Thailand,ประเทศไทย,TH,ภาคตะวันออกเฉียงเหนือตอนล่าง,ภาคตะวันออกเฉียงเหนือ,เมืองหลัก
Nong Bun Mak,หนองบุญมาก,TH3022,Nakhon Ratchasima,นครราชสีมา,TH30,Thailand,ประเทศไทย,TH,ภาคตะวันออกเฉียงเหนือตอนล่าง,ภาคตะวันออกเฉียงเหนือ,เมืองหลัก
Kaeng Sanam Nang,แก้งสนามนาง,TH3023,Nakhon Ratchasima,นครราชสีมา,TH30,Thailand,ประเทศไทย,TH,ภาคตะวันออกเฉียงเหนือตอนล่าง,ภาคตะวันออกเฉียงเหนือ,เมืองหลัก
Non Daeng,โนนแดง,TH3024,Nakhon Ratchasima,นครราชสีมา,TH30,Thailand,ประเทศไทย,TH,ภาคตะวันออกเฉียงเหนือตอนล่าง,ภาคตะวันออกเฉียงเหนือ,เมืองหลัก
Wang Nam Khiao,วังน้ำเขียว,TH3025,Nakhon Ratchasima,นครราชสีมา,TH30,Thailand,ประเทศไทย,TH,ภาคตะวันออกเฉียงเหนือตอนล่าง,ภาคตะวันออกเฉียงเหนือ,เมืองหลัก
Thepharak,เทพารักษ์,TH3026,Nakhon Ratchasima,นครราชสีมา,TH30,Thailand,ประเทศไทย,TH,ภาคตะวันออกเฉียงเหนือตอนล่าง,ภาคตะวันออกเฉียงเหนือ,เมืองหลัก
Mueang Yang,เมืองยาง,TH3027,Nakhon Ratchasima,นครราชสีมา,TH30,Thailand,ประเทศไทย,TH,ภาคตะวันออกเฉียงเหนือตอนล่าง,ภาคตะวันออกเฉียงเหนือ,เมืองหลัก
Phra Thong Kham,พระทองคำ,TH3028,Nakhon Ratchasima,นครราชสีมา,TH30,Thailand,ประเทศไทย,TH,ภาคตะวันออกเฉียงเหนือตอนล่าง,ภาคตะวันออกเฉียงเหนือ,เมืองหลัก
Lam Thamenchai,ลำทะเมนชัย,TH3029,Nakhon Ratchasima,นครราชสีมา,TH30,Thailand,ประเทศไทย,TH,ภาคตะวันออกเฉียงเหนือตอนล่าง,ภาคตะวันออกเฉียงเหนือ,เมืองหลัก
Bua Lai,บัวลาย,TH3030,Nakhon Ratchasima,นครราชสีมา,TH30,Thailand,ประเทศไทย,TH,ภาคตะวันออกเฉียงเหนือตอนล่าง,ภาคตะวันออกเฉียงเหนือ,เมืองหลัก
Sida,สีดา,TH3031,Nakhon Ratchasima,นครราชสีมา,TH30,Thailand,ประเทศไทย,TH,ภาคตะวันออกเฉียงเหนือตอนล่าง,ภาคตะวันออกเฉียงเหนือ,เมืองหลัก
Chaloem Phra Kiat,เฉลิมพระเกียรติ,TH3032,Nakhon Ratchasima,นครราชสีมา,TH30,Thailand,ประเทศไทย,TH,ภาคตะวันออกเฉียงเหนือตอนล่าง,ภาคตะวันออกเฉียงเหนือ,เมืองหลัก
Mueang Buri Ram,เมืองบุรีรัมย์,TH3101,Buri Ram,บุรีรัมย์,TH31,Thailand,ประเทศไทย,TH,ภาคตะวันออกเฉียงเหนือตอนล่าง,ภาคตะวันออกเฉียงเหนือ,เมืองรอง
Khu Mueang,คูเมือง,TH3102,Buri Ram,บุรีรัมย์,TH31,Thailand,ประเทศไทย,TH,ภาคตะวันออกเฉียงเหนือตอนล่าง,ภาคตะวันออกเฉียงเหนือ,เมืองรอง
Krasang,กระสัง,TH3103,Buri Ram,บุรีรัมย์,TH31,Thailand,ประเทศไทย,TH,ภาคตะวันออกเฉียงเหนือตอนล่าง,ภาคตะวันออกเฉียงเหนือ,เมืองรอง
Nang Rong,นางรอง,TH3104,Buri Ram,บุรีรัมย์,TH31,Thailand,ประเทศไทย,TH,ภาคตะวันออกเฉียงเหนือตอนล่าง,ภาคตะวันออกเฉียงเหนือ,เมืองรอง
Nong Ki,หนองกี่,TH3105,Buri Ram,บุรีรัมย์,TH31,Thailand,ประเทศไทย,TH,ภาคตะวันออกเฉียงเหนือตอนล่าง,ภาคตะวันออกเฉียงเหนือ,เมืองรอง
Lahan Sai,ละหานทราย,TH3106,Buri Ram,บุรีรัมย์,TH31,Thailand,ประเทศไทย,TH,ภาคตะวันออกเฉียงเหนือตอนล่าง,ภาคตะวันออกเฉียงเหนือ,เมืองรอง
Prakhon Chai,ประโคนชัย,TH3107,Buri Ram,บุรีรัมย์,TH31,Thailand,ประเทศไทย,TH,ภาคตะวันออกเฉียงเหนือตอนล่าง,ภาคตะวันออกเฉียงเหนือ,เมืองรอง
Ban Kruat,บ้านกรวด,TH3108,Buri Ram,บุรีรัมย์,TH31,Thailand,ประเทศไทย,TH,ภาคตะวันออกเฉียงเหนือตอนล่าง,ภาคตะวันออกเฉียงเหนือ,เมืองรอง
Phutthaisong,พุทไธสง,TH3109,Buri Ram,บุรีรัมย์,TH31,Thailand,ประเทศไทย,TH,ภาคตะวันออกเฉียงเหนือตอนล่าง,ภาคตะวันออกเฉียงเหนือ,เมืองรอง
Lam Plai Mat,ลำปลายมาศ,TH3110,Buri Ram,บุรีรัมย์,TH31,Thailand,ประเทศไทย,TH,ภาคตะวันออกเฉียงเหนือตอนล่าง,ภาคตะวันออกเฉียงเหนือ,เมืองรอง
Satuek,สตึก,TH3111,Buri Ram,บุรีรัมย์,TH31,Thailand,ประเทศไทย,TH,ภาคตะวันออกเฉียงเหนือตอนล่าง,ภาคตะวันออกเฉียงเหนือ,เมืองรอง
Pakham,ปะคำ,TH3112,Buri Ram,บุรีรัมย์,TH31,Thailand,ประเทศไทย,TH,ภาคตะวันออกเฉียงเหนือตอนล่าง,ภาคตะวันออกเฉียงเหนือ,เมืองรอง
Na Pho,นาโพธิ์,TH3113,Buri Ram,บุรีรัมย์,TH31,Thailand,ประเทศไทย,TH,ภาคตะวันออกเฉียงเหนือตอนล่าง,ภาคตะวันออกเฉียงเหนือ,เมืองรอง
Nong Hong,หนองหงส์,TH3114,Buri Ram,บุรีรัมย์,TH31,Thailand,ประเทศไทย,TH,ภาคตะวันออกเฉียงเหนือตอนล่าง,ภาคตะวันออกเฉียงเหนือ,เมืองรอง
Phlapphla Chai,พลับพลาชัย,TH3115,Buri Ram,บุรีรัมย์,TH31,Thailand,ประเทศไทย,TH,ภาคตะวันออกเฉียงเหนือตอนล่าง,ภาคตะวันออกเฉียงเหนือ,เมืองรอง
Huai Rat,ห้วยราช,TH3116,Buri Ram,บุรีรัมย์,TH31,Thailand,ประเทศไทย,TH,ภาคตะวันออกเฉียงเหนือตอนล่าง,ภาคตะวันออกเฉียงเหนือ,เมืองรอง
Non Suwan,โนนสุวรรณ,TH3117,Buri Ram,บุรีรัมย์,TH31,Thailand,ประเทศไทย,TH,ภาคตะวันออกเฉียงเหนือตอนล่าง,ภาคตะวันออกเฉียงเหนือ,เมืองรอง
Chamni,ชำนิ,TH3118,Buri Ram,บุรีรัมย์,TH31,Thailand,ประเทศไทย,TH,ภาคตะวันออกเฉียงเหนือตอนล่าง,ภาคตะวันออกเฉียงเหนือ,เมืองรอง
Ban Mai Chaiyaphot,บ้านใหม่ไชยพจน์,TH3119,Buri Ram,บุรีรัมย์,TH31,Thailand,ประเทศไทย,TH,ภาคตะวันออกเฉียงเหนือตอนล่าง,ภาคตะวันออกเฉียงเหนือ,เมืองรอง
Non Din Daeng,โนนดินแดง,TH3120,Buri Ram,บุรีรัมย์,TH31,Thailand,ประเทศไทย,TH,ภาคตะวันออกเฉียงเหนือตอนล่าง,ภาคตะวันออกเฉียงเหนือ,เมืองรอง
Ban Dan,บ้านด่าน,TH3121,Buri Ram,บุรีรัมย์,TH31,Thailand,ประเทศไทย,TH,ภาคตะวันออกเฉียงเหนือตอนล่าง,ภาคตะวันออกเฉียงเหนือ,เมืองรอง
Khaen Dong,แคนดง,TH3122,Buri Ram,บุรีรัมย์,TH31,Thailand,ประเทศไทย,TH,ภาคตะวันออกเฉียงเหนือตอนล่าง,ภาคตะวันออกเฉียงเหนือ,เมืองรอง
Chaloem Phra Kiat,เฉลิมพระเกียรติ,TH3123,Buri Ram,บุรีรัมย์,TH31,Thailand,ประเทศไทย,TH,ภาคตะวันออกเฉียงเหนือตอนล่าง,ภาคตะวันออกเฉียงเหนือ,เมืองรอง
Mueang Surin,เมืองสุรินทร์,TH3201,Surin,สุรินทร์,TH32,Thailand,ประเทศไทย,TH,ภาคตะวันออกเฉียงเหนือตอนล่าง,ภาคตะวันออกเฉียงเหนือ,เมืองรอง
Chumphon Buri,ชุมพลบุรี,TH3202,Surin,สุรินทร์,TH32,Thailand,ประเทศไทย,TH,ภาคตะวันออกเฉียงเหนือตอนล่าง,ภาคตะวันออกเฉียงเหนือ,เมืองรอง
Tha Tum,ท่าตูม,TH3203,Surin,สุรินทร์,TH32,Thailand,ประเทศไทย,TH,ภาคตะวันออกเฉียงเหนือตอนล่าง,ภาคตะวันออกเฉียงเหนือ,เมืองรอง
Chom Phra,จอมพระ,TH3204,Surin,สุรินทร์,TH32,Thailand,ประเทศไทย,TH,ภาคตะวันออกเฉียงเหนือตอนล่าง,ภาคตะวันออกเฉียงเหนือ,เมืองรอง
Prasat,ปราสาท,TH3205,Surin,สุรินทร์,TH32,Thailand,ประเทศไทย,TH,ภาคตะวันออกเฉียงเหนือตอนล่าง,ภาคตะวันออกเฉียงเหนือ,เมืองรอง
Kap Choeng,กาบเชิง,TH3206,Surin,สุรินทร์,TH32,Thailand,ประเทศไทย,TH,ภาคตะวันออกเฉียงเหนือตอนล่าง,ภาคตะวันออกเฉียงเหนือ,เมืองรอง
Rattanaburi,รัตนบุรี,TH3207,Surin,สุรินทร์,TH32,Thailand,ประเทศไทย,TH,ภาคตะวันออกเฉียงเหนือตอนล่าง,ภาคตะวันออกเฉียงเหนือ,เมืองรอง
Sanom,สนม,TH3208,Surin,สุรินทร์,TH32,Thailand,ประเทศไทย,TH,ภาคตะวันออกเฉียงเหนือตอนล่าง,ภาคตะวันออกเฉียงเหนือ,เมืองรอง
Sikhoraphum,ศีขรภูมิ,TH3209,Surin,สุรินทร์,TH32,Thailand,ประเทศไทย,TH,ภาคตะวันออกเฉียงเหนือตอนล่าง,ภาคตะวันออกเฉียงเหนือ,เมืองรอง
Sangkha,สังขะ,TH3210,Surin,สุรินทร์,TH32,Thailand,ประเทศไทย,TH,ภาคตะวันออกเฉียงเหนือตอนล่าง,ภาคตะวันออกเฉียงเหนือ,เมืองรอง
Lamduan,ลำดวน,TH3211,Surin,สุรินทร์,TH32,Thailand,ประเทศไทย,TH,ภาคตะวันออกเฉียงเหนือตอนล่าง,ภาคตะวันออกเฉียงเหนือ,เมืองรอง
Samrong Thap,สำโรงทาบ,TH3212,Surin,สุรินทร์,TH32,Thailand,ประเทศไทย,TH,ภาคตะวันออกเฉียงเหนือตอนล่าง,ภาคตะวันออกเฉียงเหนือ,เมืองรอง
Buachet,บัวเชด,TH3213,Surin,สุรินทร์,TH32,Thailand,ประเทศไทย,TH,ภาคตะวันออกเฉียงเหนือตอนล่าง,ภาคตะวันออกเฉียงเหนือ,เมืองรอง
Phanom Dong Rak,พนมดงรัก,TH3214,Surin,สุรินทร์,TH32,Thailand,ประเทศไทย,TH,ภาคตะวันออกเฉียงเหนือตอนล่าง,ภาคตะวันออกเฉียงเหนือ,เมืองรอง
Si Narong,ศรีณรงค์,TH3215,Surin,สุรินทร์,TH32,Thailand,ประเทศไทย,TH,ภาคตะวันออกเฉียงเหนือตอนล่าง,ภาคตะวันออกเฉียงเหนือ,เมืองรอง
Khwao Sin Rin,เขวาสินรินทร์,TH3216,Surin,สุรินทร์,TH32,Thailand,ประเทศไทย,TH,ภาคตะวันออกเฉียงเหนือตอนล่าง,ภาคตะวันออกเฉียงเหนือ,เมืองรอง
Non Narai,โนนนารายณ์,TH3217,Surin,สุรินทร์,TH32,Thailand,ประเทศไทย,TH,ภาคตะวันออกเฉียงเหนือตอนล่าง,ภาคตะวันออกเฉียงเหนือ,เมืองรอง
Mueang Si Sa Ket,เมืองศรีสะเกษ,TH3301,Si Sa Ket,ศรีสะเกษ,TH33,Thailand,ประเทศไทย,TH,ภาคตะวันออกเฉียงเหนือตอนล่าง,ภาคตะวันออกเฉียงเหนือ,เมืองรอง
Yang Chum Noi,ยางชุมน้อย,TH3302,Si Sa Ket,ศรีสะเกษ,TH33,Thailand,ประเทศไทย,TH,ภาคตะวันออกเฉียงเหนือตอนล่าง,ภาคตะวันออกเฉียงเหนือ,เมืองรอง
Kanthararom,กันทรารมย์,TH3303,Si Sa Ket,ศรีสะเกษ,TH33,Thailand,ประเทศไทย,TH,ภาคตะวันออกเฉียงเหนือตอนล่าง,ภาคตะวันออกเฉียงเหนือ,เมืองรอง
Kantharalak,กันทรลักษ์,TH3304,Si Sa Ket,ศรีสะเกษ,TH33,Thailand,ประเทศไทย,TH,ภาคตะวันออกเฉียงเหนือตอนล่าง,ภาคตะวันออกเฉียงเหนือ,เมืองรอง
Khukhan,ขุขันธ์,TH3305,Si Sa Ket,ศรีสะเกษ,TH33,Thailand,ประเทศไทย,TH,ภาคตะวันออกเฉียงเหนือตอนล่าง,ภาคตะวันออกเฉียงเหนือ,เมืองรอง
Phrai Bueng,ไพรบึง,TH3306,Si Sa Ket,ศรีสะเกษ,TH33,Thailand,ประเทศไทย,TH,ภาคตะวันออกเฉียงเหนือตอนล่าง,ภาคตะวันออกเฉียงเหนือ,เมืองรอง
Prang Ku,ปรางค์กู่,TH3307,Si Sa Ket,ศรีสะเกษ,TH33,Thailand,ประเทศไทย,TH,ภาคตะวันออกเฉียงเหนือตอนล่าง,ภาคตะวันออกเฉียงเหนือ,เมืองรอง
Khun Han,ขุนหาญ,TH3308,Si Sa Ket,ศรีสะเกษ,TH33,Thailand,ประเทศไทย,TH,ภาคตะวันออกเฉียงเหนือตอนล่าง,ภาคตะวันออกเฉียงเหนือ,เมืองรอง
Rasi Salai,ราษีไศล,TH3309,Si Sa Ket,ศรีสะเกษ,TH33,Thailand,ประเทศไทย,TH,ภาคตะวันออกเฉียงเหนือตอนล่าง,ภาคตะวันออกเฉียงเหนือ,เมืองรอง
Uthumphon Phisai,อุทุมพรพิสัย,TH3310,Si Sa Ket,ศรีสะเกษ,TH33,Thailand,ประเทศไทย,TH,ภาคตะวันออกเฉียงเหนือตอนล่าง,ภาคตะวันออกเฉียงเหนือ,เมืองรอง
Bueng Bun,บึงบูรพ์,TH3311,Si Sa Ket,ศรีสะเกษ,TH33,Thailand,ประเทศไทย,TH,ภาคตะวันออกเฉียงเหนือตอนล่าง,ภาคตะวันออกเฉียงเหนือ,เมืองรอง
Huai Thap Than,ห้วยทับทัน,TH3312,Si Sa Ket,ศรีสะเกษ,TH33,Thailand,ประเทศไทย,TH,ภาคตะวันออกเฉียงเหนือตอนล่าง,ภาคตะวันออกเฉียงเหนือ,เมืองรอง
Non Khun,โนนคูณ,TH3313,Si Sa Ket,ศรีสะเกษ,TH33,Thailand,ประเทศไทย,TH,ภาคตะวันออกเฉียงเหนือตอนล่าง,ภาคตะวันออกเฉียงเหนือ,เมืองรอง
Si Rattana,ศรีรัตนะ,TH3314,Si Sa Ket,ศรีสะเกษ,TH33,Thailand,ประเทศไทย,TH,ภาคตะวันออกเฉียงเหนือตอนล่าง,ภาคตะวันออกเฉียงเหนือ,เมืองรอง
Nam Kliang,น้ำเกลี้ยง,TH3315,Si Sa Ket,ศรีสะเกษ,TH33,Thailand,ประเทศไทย,TH,ภาคตะวันออกเฉียงเหนือตอนล่าง,ภาคตะวันออกเฉียงเหนือ,เมืองรอง
Wang Hin,วังหิน,TH3316,Si Sa Ket,ศรีสะเกษ,TH33,Thailand,ประเทศไทย,TH,ภาคตะวันออกเฉียงเหนือตอนล่าง,ภาคตะวันออกเฉียงเหนือ,เมืองรอง
Phu Sing,ภูสิงห์,TH3317,Si Sa Ket,ศรีสะเกษ,TH33,Thailand,ประเทศไทย,TH,ภาคตะวันออกเฉียงเหนือตอนล่าง,ภาคตะวันออกเฉียงเหนือ,เมืองรอง
Mueang Chan,เมืองจันทร์,TH3318,Si Sa Ket,ศรีสะเกษ,TH33,Thailand,ประเทศไทย,TH,ภาคตะวันออกเฉียงเหนือตอนล่าง,ภาคตะวันออกเฉียงเหนือ,เมืองรอง
Benchalak,เบญจลักษ์,TH3319,Si Sa Ket,ศรีสะเกษ,TH33,Thailand,ประเทศไทย,TH,ภาคตะวันออกเฉียงเหนือตอนล่าง,ภาคตะวันออกเฉียงเหนือ,เมืองรอง
Phayu,พยุห์,TH3320,Si Sa Ket,ศรีสะเกษ,TH33,Thailand,ประเทศไทย,TH,ภาคตะวันออกเฉียงเหนือตอนล่าง,ภาคตะวันออกเฉียงเหนือ,เมืองรอง
Pho Si Suwan,โพธิ์ศรีสุวรรณ,TH3321,Si Sa Ket,ศรีสะเกษ,TH33,Thailand,ประเทศไทย,TH,ภาคตะวันออกเฉียงเหนือตอนล่าง,ภาคตะวันออกเฉียงเหนือ,เมืองรอง
Sila Lat,ศิลาลาด,TH3322,Si Sa Ket,ศรีสะเกษ,TH33,Thailand,ประเทศไทย,TH,ภาคตะวันออกเฉียงเหนือตอนล่าง,ภาคตะวันออกเฉียงเหนือ,เมืองรอง
Mueang Ubon Ratchathani,เมืองอุบลราชธานี,TH3401,Ubon Ratchathani,อุบลราชธานี,TH34,Thailand,ประเทศไทย,TH,ภาคตะวันออกเฉียงเหนือตอนล่าง,ภาคตะวันออกเฉียงเหนือ,เมืองรอง
Si Mueang Mai,ศรีเมืองใหม่,TH3402,Ubon Ratchathani,อุบลราชธานี,TH34,Thailand,ประเทศไทย,TH,ภาคตะวันออกเฉียงเหนือตอนล่าง,ภาคตะวันออกเฉียงเหนือ,เมืองรอง
Khong Chiam,โขงเจียม,TH3403,Ubon Ratchathani,อุบลราชธานี,TH34,Thailand,ประเทศไทย,TH,ภาคตะวันออกเฉียงเหนือตอนล่าง,ภาคตะวันออกเฉียงเหนือ,เมืองรอง
Khueang Nai,เขื่องใน,TH3404,Ubon Ratchathani,อุบลราชธานี,TH34,Thailand,ประเทศไทย,TH,ภาคตะวันออกเฉียงเหนือตอนล่าง,ภาคตะวันออกเฉียงเหนือ,เมืองรอง
Khemarat,เขมราฐ,TH3405,Ubon Ratchathani,อุบลราชธานี,TH34,Thailand,ประเทศไทย,TH,ภาคตะวันออกเฉียงเหนือตอนล่าง,ภาคตะวันออกเฉียงเหนือ,เมืองรอง
Det Udom,เดชอุดม,TH3407,Ubon Ratchathani,อุบลราชธานี,TH34,Thailand,ประเทศไทย,TH,ภาคตะวันออกเฉียงเหนือตอนล่าง,ภาคตะวันออกเฉียงเหนือ,เมืองรอง
Na Chaluai,นาจะหลวย,TH3408,Ubon Ratchathani,อุบลราชธานี,TH34,Thailand,ประเทศไทย,TH,ภาคตะวันออกเฉียงเหนือตอนล่าง,ภาคตะวันออกเฉียงเหนือ,เมืองรอง
Nam Yuen,น้ำยืน,TH3409,Ubon Ratchathani,อุบลราชธานี,TH34,Thailand,ประเทศไทย,TH,ภาคตะวันออกเฉียงเหนือตอนล่าง,ภาคตะวันออกเฉียงเหนือ,เมืองรอง
Buntharik,บุณฑริก,TH3410,Ubon Ratchathani,อุบลราชธานี,TH34,Thailand,ประเทศไทย,TH,ภาคตะวันออกเฉียงเหนือตอนล่าง,ภาคตะวันออกเฉียงเหนือ,เมืองรอง
Trakan Phuet Phon,ตระการพืชผล,TH3411,Ubon Ratchathani,อุบลราชธานี,TH34,Thailand,ประเทศไทย,TH,ภาคตะวันออกเฉียงเหนือตอนล่าง,ภาคตะวันออกเฉียงเหนือ,เมืองรอง
Kut Khaopun,กุดข้าวปุ้น,TH3412,Ubon Ratchathani,อุบลราชธานี,TH34,Thailand,ประเทศไทย,TH,ภาคตะวันออกเฉียงเหนือตอนล่าง,ภาคตะวันออกเฉียงเหนือ,เมืองรอง
Muang Sam Sip,ม่วงสามสิบ,TH3414,Ubon Ratchathani,อุบลราชธานี,TH34,Thailand,ประเทศไทย,TH,ภาคตะวันออกเฉียงเหนือตอนล่าง,ภาคตะวันออกเฉียงเหนือ,เมืองรอง
Warin Chamrap,วารินชำราบ,TH3415,Ubon Ratchathani,อุบลราชธานี,TH34,Thailand,ประเทศไทย,TH,ภาคตะวันออกเฉียงเหนือตอนล่าง,ภาคตะวันออกเฉียงเหนือ,เมืองรอง
Phibun Mangsahan,พิบูลมังสาหาร,TH3419,Ubon Ratchathani,อุบลราชธานี,TH34,Thailand,ประเทศไทย,TH,ภาคตะวันออกเฉียงเหนือตอนล่าง,ภาคตะวันออกเฉียงเหนือ,เมืองรอง
Tan Sum,ตาลสุม,TH3420,Ubon Ratchathani,อุบลราชธานี,TH34,Thailand,ประเทศไทย,TH,ภาคตะวันออกเฉียงเหนือตอนล่าง,ภาคตะวันออกเฉียงเหนือ,เมืองรอง
Pho Sai,โพธิ์ไทร,TH3421,Ubon Ratchathani,อุบลราชธานี,TH34,Thailand,ประเทศไทย,TH,ภาคตะวันออกเฉียงเหนือตอนล่าง,ภาคตะวันออกเฉียงเหนือ,เมืองรอง
Samrong,สำโรง,TH3422,Ubon Ratchathani,อุบลราชธานี,TH34,Thailand,ประเทศไทย,TH,ภาคตะวันออกเฉียงเหนือตอนล่าง,ภาคตะวันออกเฉียงเหนือ,เมืองรอง
Don Mot Daeng,ดอนมดแดง,TH3424,Ubon Ratchathani,อุบลราชธานี,TH34,Thailand,ประเทศไทย,TH,ภาคตะวันออกเฉียงเหนือตอนล่าง,ภาคตะวันออกเฉียงเหนือ,เมืองรอง
Sirindhorn,สิรินธร,TH3425,Ubon Ratchathani,อุบลราชธานี,TH34,Thailand,ประเทศไทย,TH,ภาคตะวันออกเฉียงเหนือตอนล่าง,ภาคตะวันออกเฉียงเหนือ,เมืองรอง
Thung Si Udom,ทุ่งศรีอุดม,TH3426,Ubon Ratchathani,อุบลราชธานี,TH34,Thailand,ประเทศไทย,TH,ภาคตะวันออกเฉียงเหนือตอนล่าง,ภาคตะวันออกเฉียงเหนือ,เมืองรอง
Na Yia,นาเยีย,TH3429,Ubon Ratchathani,อุบลราชธานี,TH34,Thailand,ประเทศไทย,TH,ภาคตะวันออกเฉียงเหนือตอนล่าง,ภาคตะวันออกเฉียงเหนือ,เมืองรอง
Na Tan,นาตาล,TH3430,Ubon Ratchathani,อุบลราชธานี,TH34,Thailand,ประเทศไทย,TH,ภาคตะวันออกเฉียงเหนือตอนล่าง,ภาคตะวันออกเฉียงเหนือ,เมืองรอง
Lao Suea Kok,เหล่าเสือโก้ก,TH3431,Ubon Ratchathani,อุบลราชธานี,TH34,Thailand,ประเทศไทย,TH,ภาคตะวันออกเฉียงเหนือตอนล่าง,ภาคตะวันออกเฉียงเหนือ,เมืองรอง
Sawang Wirawong,สว่างวีระวงศ์,TH3432,Ubon Ratchathani,อุบลราชธานี,TH34,Thailand,ประเทศไทย,TH,ภาคตะวันออกเฉียงเหนือตอนล่าง,ภาคตะวันออกเฉียงเหนือ,เมืองรอง
Nam Khun,น้ำขุ่น,TH3433,Ubon Ratchathani,อุบลราชธานี,TH34,Thailand,ประเทศไทย,TH,ภาคตะวันออกเฉียงเหนือตอนล่าง,ภาคตะวันออกเฉียงเหนือ,เมืองรอง
Mueang Yasothon,เมืองยโสธร,TH3501,Yasothon,ยโสธร,TH35,Thailand,ประเทศไทย,TH,ภาคตะวันออกเฉียงเหนือตอนล่าง,ภาคตะวันออกเฉียงเหนือ,เมืองรอง
Sai Mun,ทรายมูล,TH3502,Yasothon,ยโสธร,TH35,Thailand,ประเทศไทย,TH,ภาคตะวันออกเฉียงเหนือตอนล่าง,ภาคตะวันออกเฉียงเหนือ,เมืองรอง
Kut Chum,กุดชุม,TH3503,Yasothon,ยโสธร,TH35,Thailand,ประเทศไทย,TH,ภาคตะวันออกเฉียงเหนือตอนล่าง,ภาคตะวันออกเฉียงเหนือ,เมืองรอง
Kham Khuean Kaeo,คำเขื่อนแก้ว,TH3504,Yasothon,ยโสธร,TH35,Thailand,ประเทศไทย,TH,ภาคตะวันออกเฉียงเหนือตอนล่าง,ภาคตะวันออกเฉียงเหนือ,เมืองรอง
Pa Tio,ป่าติ้ว,TH3505,Yasothon,ยโสธร,TH35,Thailand,ประเทศไทย,TH,ภาคตะวันออกเฉียงเหนือตอนล่าง,ภาคตะวันออกเฉียงเหนือ,เมืองรอง
Maha Chana Chai,มหาชนะชัย,TH3506,Yasothon,ยโสธร,TH35,Thailand,ประเทศไทย,TH,ภาคตะวันออกเฉียงเหนือตอนล่าง,ภาคตะวันออกเฉียงเหนือ,เมืองรอง
Kho Wang,ค้อวัง,TH3507,Yasothon,ยโสธร,TH35,Thailand,ประเทศไทย,TH,ภาคตะวันออกเฉียงเหนือตอนล่าง,ภาคตะวันออกเฉียงเหนือ,เมืองรอง
Loeng Nok Tha,เลิงนกทา,TH3508,Yasothon,ยโสธร,TH35,Thailand,ประเทศไทย,TH,ภาคตะวันออกเฉียงเหนือตอนล่าง,ภาคตะวันออกเฉียงเหนือ,เมืองรอง
Thai Charoen,ไทยเจริญ,TH3509,Yasothon,ยโสธร,TH35,Thailand,ประเทศไทย,TH,ภาคตะวันออกเฉียงเหนือตอนล่าง,ภาคตะวันออกเฉียงเหนือ,เมืองรอง
Mueang Chaiyaphum,เมืองชัยภูมิ,TH3601,Chaiyaphum,ชัยภูมิ,TH36,Thailand,ประเทศไทย,TH,ภาคตะวันออกเฉียงเหนือตอนล่าง,ภาคตะวันออกเฉียงเหนือ,เมืองรอง
Ban Khwao,บ้านเขว้า,TH3602,Chaiyaphum,ชัยภูมิ,TH36,Thailand,ประเทศไทย,TH,ภาคตะวันออกเฉียงเหนือตอนล่าง,ภาคตะวันออกเฉียงเหนือ,เมืองรอง
Khon Sawan,คอนสวรรค์,TH3603,Chaiyaphum,ชัยภูมิ,TH36,Thailand,ประเทศไทย,TH,ภาคตะวันออกเฉียงเหนือตอนล่าง,ภาคตะวันออกเฉียงเหนือ,เมืองรอง
Kaset Sombun,เกษตรสมบูรณ์,TH3604,Chaiyaphum,ชัยภูมิ,TH36,Thailand,ประเทศไทย,TH,ภาคตะวันออกเฉียงเหนือตอนล่าง,ภาคตะวันออกเฉียงเหนือ,เมืองรอง
Nong Bua Daeng,หนองบัวแดง,TH3605,Chaiyaphum,ชัยภูมิ,TH36,Thailand,ประเทศไทย,TH,ภาคตะวันออกเฉียงเหนือตอนล่าง,ภาคตะวันออกเฉียงเหนือ,เมืองรอง
Chatturat,จัตุรัส,TH3606,Chaiyaphum,ชัยภูมิ,TH36,Thailand,ประเทศไทย,TH,ภาคตะวันออกเฉียงเหนือตอนล่าง,ภาคตะวันออกเฉียงเหนือ,เมืองรอง
Bamnet Narong,บำเหน็จณรงค์,TH3607,Chaiyaphum,ชัยภูมิ,TH36,Thailand,ประเทศไทย,TH,ภาคตะวันออกเฉียงเหนือตอนล่าง,ภาคตะวันออกเฉียงเหนือ,เมืองรอง
Nong Bua Rawe,หนองบัวระเหว,TH3608,Chaiyaphum,ชัยภูมิ,TH36,Thailand,ประเทศไทย,TH,ภาคตะวันออกเฉียงเหนือตอนล่าง,ภาคตะวันออกเฉียงเหนือ,เมืองรอง
Thep Sathit,เทพสถิต,TH3609,Chaiyaphum,ชัยภูมิ,TH36,Thailand,ประเทศไทย,TH,ภาคตะวันออกเฉียงเหนือตอนล่าง,ภาคตะวันออกเฉียงเหนือ,เมืองรอง
Phu Khiao,ภูเขียว,TH3610,Chaiyaphum,ชัยภูมิ,TH36,Thailand,ประเทศไทย,TH,ภาคตะวันออกเฉียงเหนือตอนล่าง,ภาคตะวันออกเฉียงเหนือ,เมืองรอง
Ban Thaen,บ้านแท่น,TH3611,Chaiyaphum,ชัยภูมิ,TH36,Thailand,ประเทศไทย,TH,ภาคตะวันออกเฉียงเหนือตอนล่าง,ภาคตะวันออกเฉียงเหนือ,เมืองรอง
Kaeng Khro,แก้งคร้อ,TH3612,Chaiyaphum,ชัยภูมิ,TH36,Thailand,ประเทศไทย,TH,ภาคตะวันออกเฉียงเหนือตอนล่าง,ภาคตะวันออกเฉียงเหนือ,เมืองรอง
Khon San,คอนสาร,TH3613,Chaiyaphum,ชัยภูมิ,TH36,Thailand,ประเทศไทย,TH,ภาคตะวันออกเฉียงเหนือตอนล่าง,ภาคตะวันออกเฉียงเหนือ,เมืองรอง
Phakdi Chumphon,ภักดีชุมพล,TH3614,Chaiyaphum,ชัยภูมิ,TH36,Thailand,ประเทศไทย,TH,ภาคตะวันออกเฉียงเหนือตอนล่าง,ภาคตะวันออกเฉียงเหนือ,เมืองรอง
Noen Sa-Nga,เนินสง่า,TH3615,Chaiyaphum,ชัยภูมิ,TH36,Thailand,ประเทศไทย,TH,ภาคตะวันออกเฉียงเหนือตอนล่าง,ภาคตะวันออกเฉียงเหนือ,เมืองรอง
Sap Yai,ซับใหญ่,TH3616,Chaiyaphum,ชัยภูมิ,TH36,Thailand,ประเทศไทย,TH,ภาคตะวันออกเฉียงเหนือตอนล่าง,ภาคตะวันออกเฉียงเหนือ,เมืองรอง
Mueang Amnat Charoen,เมืองอำนาจเจริญ,TH3701,Amnat Charoen,อำนาจเจริญ,TH37,Thailand,ประเทศไทย,TH,ภาคตะวันออกเฉียงเหนือตอนล่าง,ภาคตะวันออกเฉียงเหนือ,เมืองรอง
Chanuman,ชานุมาน,TH3702,Amnat Charoen,อำนาจเจริญ,TH37,Thailand,ประเทศไทย,TH,ภาคตะวันออกเฉียงเหนือตอนล่าง,ภาคตะวันออกเฉียงเหนือ,เมืองรอง
Pathum Ratchawongsa,ปทุมราชวงศา,TH3703,Amnat Charoen,อำนาจเจริญ,TH37,Thailand,ประเทศไทย,TH,ภาคตะวันออกเฉียงเหนือตอนล่าง,ภาคตะวันออกเฉียงเหนือ,เมืองรอง
Phana,พนา,TH3704,Amnat Charoen,อำนาจเจริญ,TH37,Thailand,ประเทศไทย,TH,ภาคตะวันออกเฉียงเหนือตอนล่าง,ภาคตะวันออกเฉียงเหนือ,เมืองรอง
Senangkhanikhom,เสนางคนิคม,TH3705,Amnat Charoen,อำนาจเจริญ,TH37,Thailand,ประเทศไทย,TH,ภาคตะวันออกเฉียงเหนือตอนล่าง,ภาคตะวันออกเฉียงเหนือ,เมืองรอง
Hua Taphan,หัวตะพาน,TH3706,Amnat Charoen,อำนาจเจริญ,TH37,Thailand,ประเทศไทย,TH,ภาคตะวันออกเฉียงเหนือตอนล่าง,ภาคตะวันออกเฉียงเหนือ,เมืองรอง
Lue Amnat,ลืออำนาจ,TH3707,Amnat Charoen,อำนาจเจริญ,TH37,Thailand,ประเทศไทย,TH,ภาคตะวันออกเฉียงเหนือตอนล่าง,ภาคตะวันออกเฉียงเหนือ,เมืองรอง
Mueang Bueng Kan,เมืองบึงกาฬ,TH3801,Bueng Kan,บึงกาฬ,TH38,Thailand,ประเทศไทย,TH,ภาคตะวันออกเฉียงเหนือตอนล่าง,ภาคตะวันออกเฉียงเหนือ,เมืองรอง
Phon Charoen,พรเจริญ,TH3802,Bueng Kan,บึงกาฬ,TH38,Thailand,ประเทศไทย,TH,ภาคตะวันออกเฉียงเหนือตอนล่าง,ภาคตะวันออกเฉียงเหนือ,เมืองรอง
So Phisai,โซ่พิสัย,TH3803,Bueng Kan,บึงกาฬ,TH38,Thailand,ประเทศไทย,TH,ภาคตะวันออกเฉียงเหนือตอนล่าง,ภาคตะวันออกเฉียงเหนือ,เมืองรอง
Seka,เซกา,TH3804,Bueng Kan,บึงกาฬ,TH38,Thailand,ประเทศไทย,TH,ภาคตะวันออกเฉียงเหนือตอนล่าง,ภาคตะวันออกเฉียงเหนือ,เมืองรอง
Pak Khat,ปากคาด,TH3805,Bueng Kan,บึงกาฬ,TH38,Thailand,ประเทศไทย,TH,ภาคตะวันออกเฉียงเหนือตอนล่าง,ภาคตะวันออกเฉียงเหนือ,เมืองรอง
Bueng Khong Long,บึงโขงหลง,TH3806,Bueng Kan,บึงกาฬ,TH38,Thailand,ประเทศไทย,TH,ภาคตะวันออกเฉียงเหนือตอนล่าง,ภาคตะวันออกเฉียงเหนือ,เมืองรอง
Si Wilai,ศรีวิไล,TH3807,Bueng Kan,บึงกาฬ,TH38,Thailand,ประเทศไทย,TH,ภาคตะวันออกเฉียงเหนือตอนล่าง,ภาคตะวันออกเฉียงเหนือ,เมืองรอง
Bung Khla,บุ่งคล้า,TH3808,Bueng Kan,บึงกาฬ,TH38,Thailand,ประเทศไทย,TH,ภาคตะวันออกเฉียงเหนือตอนล่าง,ภาคตะวันออกเฉียงเหนือ,เมืองรอง
Mueang Nong Bua Lam Phu,เมืองหนองบัวลำภู,TH3901,Nong Bua Lam Phu,หนองบัวลำภู,TH39,Thailand,ประเทศไทย,TH,ภาคตะวันออกเฉียงเหนือตอนล่าง,ภาคตะวันออกเฉียงเหนือ,เมืองรอง
Na Klang,นากลาง,TH3902,Nong Bua Lam Phu,หนองบัวลำภู,TH39,Thailand,ประเทศไทย,TH,ภาคตะวันออกเฉียงเหนือตอนล่าง,ภาคตะวันออกเฉียงเหนือ,เมืองรอง
Non Sang,โนนสัง,TH3903,Nong Bua Lam Phu,หนองบัวลำภู,TH39,Thailand,ประเทศไทย,TH,ภาคตะวันออกเฉียงเหนือตอนล่าง,ภาคตะวันออกเฉียงเหนือ,เมืองรอง
Si Bun Rueang,ศรีบุญเรือง,TH3904,Nong Bua Lam Phu,หนองบัวลำภู,TH39,Thailand,ประเทศไทย,TH,ภาคตะวันออกเฉียงเหนือตอนล่าง,ภาคตะวันออกเฉียงเหนือ,เมืองรอง
Suwannakhuha,สุวรรณคูหา,TH3905,Nong Bua Lam Phu,หนองบัวลำภู,TH39,Thailand,ประเทศไทย,TH,ภาคตะวันออกเฉียงเหนือตอนล่าง,ภาคตะวันออกเฉียงเหนือ,เมืองรอง
Na Wang,นาวัง,TH3906,Nong Bua Lam Phu,หนองบัวลำภู,TH39,Thailand,ประเทศไทย,TH,ภาคตะวันออกเฉียงเหนือตอนล่าง,ภาคตะวันออกเฉียงเหนือ,เมืองรอง
Mueang Khon Kaen,เมืองขอนแก่น,TH4001,Khon Kaen,ขอนแก่น,TH40,Thailand,ประเทศไทย,TH,ภาคตะวันออกเฉียงเหนือตอนบน,ภาคตะวันออกเฉียงเหนือ,เมืองหลัก
Ban Fang,บ้านฝาง,TH4002,Khon Kaen,ขอนแก่น,TH40,Thailand,ประเทศไทย,TH,ภาคตะวันออกเฉียงเหนือตอนบน,ภาคตะวันออกเฉียงเหนือ,เมืองหลัก
Phra Yuen,พระยืน,TH4003,Khon Kaen,ขอนแก่น,TH40,Thailand,ประเทศไทย,TH,ภาคตะวันออกเฉียงเหนือตอนบน,ภาคตะวันออกเฉียงเหนือ,เมืองหลัก
Nong Ruea,หนองเรือ,TH4004,Khon Kaen,ขอนแก่น,TH40,Thailand,ประเทศไทย,TH,ภาคตะวันออกเฉียงเหนือตอนบน,ภาคตะวันออกเฉียงเหนือ,เมืองหลัก
Chum Phae,ชุมแพ,TH4005,Khon Kaen,ขอนแก่น,TH40,Thailand,ประเทศไทย,TH,ภาคตะวันออกเฉียงเหนือตอนบน,ภาคตะวันออกเฉียงเหนือ,เมืองหลัก
Si Chomphu,สีชมพู,TH4006,Khon Kaen,ขอนแก่น,TH40,Thailand,ประเทศไทย,TH,ภาคตะวันออกเฉียงเหนือตอนบน,ภาคตะวันออกเฉียงเหนือ,เมืองหลัก
Nam Phong,น้ำพอง,TH4007,Khon Kaen,ขอนแก่น,TH40,Thailand,ประเทศไทย,TH,ภาคตะวันออกเฉียงเหนือตอนบน,ภาคตะวันออกเฉียงเหนือ,เมืองหลัก
Ubolratana,อุบลรัตน์,TH4008,Khon Kaen,ขอนแก่น,TH40,Thailand,ประเทศไทย,TH,ภาคตะวันออกเฉียงเหนือตอนบน,ภาคตะวันออกเฉียงเหนือ,เมืองหลัก
Kranuan,กระนวน,TH4009,Khon Kaen,ขอนแก่น,TH40,Thailand,ประเทศไทย,TH,ภาคตะวันออกเฉียงเหนือตอนบน,ภาคตะวันออกเฉียงเหนือ,เมืองหลัก
Ban Phai,บ้านไผ่,TH4010,Khon Kaen,ขอนแก่น,TH40,Thailand,ประเทศไทย,TH,ภาคตะวันออกเฉียงเหนือตอนบน,ภาคตะวันออกเฉียงเหนือ,เมืองหลัก
Pueai Noi,เปือยน้อย,TH4011,Khon Kaen,ขอนแก่น,TH40,Thailand,ประเทศไทย,TH,ภาคตะวันออกเฉียงเหนือตอนบน,ภาคตะวันออกเฉียงเหนือ,เมืองหลัก
Phon,พล,TH4012,Khon Kaen,ขอนแก่น,TH40,Thailand,ประเทศไทย,TH,ภาคตะวันออกเฉียงเหนือตอนบน,ภาคตะวันออกเฉียงเหนือ,เมืองหลัก
Waeng Yai,แวงใหญ่,TH4013,Khon Kaen,ขอนแก่น,TH40,Thailand,ประเทศไทย,TH,ภาคตะวันออกเฉียงเหนือตอนบน,ภาคตะวันออกเฉียงเหนือ,เมืองหลัก
Waeng Noi,แวงน้อย,TH4014,Khon Kaen,ขอนแก่น,TH40,Thailand,ประเทศไทย,TH,ภาคตะวันออกเฉียงเหนือตอนบน,ภาคตะวันออกเฉียงเหนือ,เมืองหลัก
Nong Song Hong,หนองสองห้อง,TH4015,Khon Kaen,ขอนแก่น,TH40,Thailand,ประเทศไทย,TH,ภาคตะวันออกเฉียงเหนือตอนบน,ภาคตะวันออกเฉียงเหนือ,เมืองหลัก
Phu Wiang,ภูเวียง,TH4016,Khon Kaen,ขอนแก่น,TH40,Thailand,ประเทศไทย,TH,ภาคตะวันออกเฉียงเหนือตอนบน,ภาคตะวันออกเฉียงเหนือ,เมืองหลัก
Mancha Khiri,มัญจาคีรี,TH4017,Khon Kaen,ขอนแก่น,TH40,Thailand,ประเทศไทย,TH,ภาคตะวันออกเฉียงเหนือตอนบน,ภาคตะวันออกเฉียงเหนือ,เมืองหลัก
Chonnabot,ชนบท,TH4018,Khon Kaen,ขอนแก่น,TH40,Thailand,ประเทศไทย,TH,ภาคตะวันออกเฉียงเหนือตอนบน,ภาคตะวันออกเฉียงเหนือ,เมืองหลัก
Khao Suan Kwang,เขาสวนกวาง,TH4019,Khon Kaen,ขอนแก่น,TH40,Thailand,ประเทศไทย,TH,ภาคตะวันออกเฉียงเหนือตอนบน,ภาคตะวันออกเฉียงเหนือ,เมืองหลัก
Phu Pha Man,ภูผาม่าน,TH4020,Khon Kaen,ขอนแก่น,TH40,Thailand,ประเทศไทย,TH,ภาคตะวันออกเฉียงเหนือตอนบน,ภาคตะวันออกเฉียงเหนือ,เมืองหลัก
Sam Sung,ซำสูง,TH4021,Khon Kaen,ขอนแก่น,TH40,Thailand,ประเทศไทย,TH,ภาคตะวันออกเฉียงเหนือตอนบน,ภาคตะวันออกเฉียงเหนือ,เมืองหลัก
Khok Pho Chai,โคกโพธิ์ไชย,TH4022,Khon Kaen,ขอนแก่น,TH40,Thailand,ประเทศไทย,TH,ภาคตะวันออกเฉียงเหนือตอนบน,ภาคตะวันออกเฉียงเหนือ,เมืองหลัก
Nong Na Kham,หนองนาคำ,TH4023,Khon Kaen,ขอนแก่น,TH40,Thailand,ประเทศไทย,TH,ภาคตะวันออกเฉียงเหนือตอนบน,ภาคตะวันออกเฉียงเหนือ,เมืองหลัก
Ban Haet,บ้านแฮด,TH4024,Khon Kaen,ขอนแก่น,TH40,Thailand,ประเทศไทย,TH,ภาคตะวันออกเฉียงเหนือตอนบน,ภาคตะวันออกเฉียงเหนือ,เมืองหลัก
Non Sila,โนนศิลา,TH4025,Khon Kaen,ขอนแก่น,TH40,Thailand,ประเทศไทย,TH,ภาคตะวันออกเฉียงเหนือตอนบน,ภาคตะวันออกเฉียงเหนือ,เมืองหลัก
Wiang Kao,เวียงเก่า,TH4029,Khon Kaen,ขอนแก่น,TH40,Thailand,ประเทศไทย,TH,ภาคตะวันออกเฉียงเหนือตอนบน,ภาคตะวันออกเฉียงเหนือ,เมืองหลัก
Mueang Udon Thani,เมืองอุดรธานี,TH4101,Udon Thani,อุดรธานี,TH41,Thailand,ประเทศไทย,TH,ภาคตะวันออกเฉียงเหนือตอนบน,ภาคตะวันออกเฉียงเหนือ,เมืองรอง
Kut Chap,กุดจับ,TH4102,Udon Thani,อุดรธานี,TH41,Thailand,ประเทศไทย,TH,ภาคตะวันออกเฉียงเหนือตอนบน,ภาคตะวันออกเฉียงเหนือ,เมืองรอง
Nong Wua So,หนองวัวซอ,TH4103,Udon Thani,อุดรธานี,TH41,Thailand,ประเทศไทย,TH,ภาคตะวันออกเฉียงเหนือตอนบน,ภาคตะวันออกเฉียงเหนือ,เมืองรอง
Kumphawapi,กุมภวาปี,TH4104,Udon Thani,อุดรธานี,TH41,Thailand,ประเทศไทย,TH,ภาคตะวันออกเฉียงเหนือตอนบน,ภาคตะวันออกเฉียงเหนือ,เมืองรอง
Non Sa-At,โนนสะอาด,TH4105,Udon Thani,อุดรธานี,TH41,Thailand,ประเทศไทย,TH,ภาคตะวันออกเฉียงเหนือตอนบน,ภาคตะวันออกเฉียงเหนือ,เมืองรอง
Nong Han,หนองหาน,TH4106,Udon Thani,อุดรธานี,TH41,Thailand,ประเทศไทย,TH,ภาคตะวันออกเฉียงเหนือตอนบน,ภาคตะวันออกเฉียงเหนือ,เมืองรอง
Thung Fon,ทุ่งฝน,TH4107,Udon Thani,อุดรธานี,TH41,Thailand,ประเทศไทย,TH,ภาคตะวันออกเฉียงเหนือตอนบน,ภาคตะวันออกเฉียงเหนือ,เมืองรอง
Chai Wan,ไชยวาน,TH4108,Udon Thani,อุดรธานี,TH41,Thailand,ประเทศไทย,TH,ภาคตะวันออกเฉียงเหนือตอนบน,ภาคตะวันออกเฉียงเหนือ,เมืองรอง
Si That,ศรีธาตุ,TH4109,Udon Thani,อุดรธานี,TH41,Thailand,ประเทศไทย,TH,ภาคตะวันออกเฉียงเหนือตอนบน,ภาคตะวันออกเฉียงเหนือ,เมืองรอง
Wang Sam Mo,วังสามหมอ,TH4110,Udon Thani,อุดรธานี,TH41,Thailand,ประเทศไทย,TH,ภาคตะวันออกเฉียงเหนือตอนบน,ภาคตะวันออกเฉียงเหนือ,เมืองรอง
Ban Dung,บ้านดุง,TH4111,Udon Thani,อุดรธานี,TH41,Thailand,ประเทศไทย,TH,ภาคตะวันออกเฉียงเหนือตอนบน,ภาคตะวันออกเฉียงเหนือ,เมืองรอง
Ban Phue,บ้านผือ,TH4117,Udon Thani,อุดรธานี,TH41,Thailand,ประเทศไทย,TH,ภาคตะวันออกเฉียงเหนือตอนบน,ภาคตะวันออกเฉียงเหนือ,เมืองรอง
Nam Som,น้ำโสม,TH4118,Udon Thani,อุดรธานี,TH41,Thailand,ประเทศไทย,TH,ภาคตะวันออกเฉียงเหนือตอนบน,ภาคตะวันออกเฉียงเหนือ,เมืองรอง
Phen,เพ็ญ,TH4119,Udon Thani,อุดรธานี,TH41,Thailand,ประเทศไทย,TH,ภาคตะวันออกเฉียงเหนือตอนบน,ภาคตะวันออกเฉียงเหนือ,เมืองรอง
Sang Khom,สร้างคอม,TH4120,Udon Thani,อุดรธานี,TH41,Thailand,ประเทศไทย,TH,ภาคตะวันออกเฉียงเหนือตอนบน,ภาคตะวันออกเฉียงเหนือ,เมืองรอง
Nong Saeng,หนองแสง,TH4121,Udon Thani,อุดรธานี,TH41,Thailand,ประเทศไทย,TH,ภาคตะวันออกเฉียงเหนือตอนบน,ภาคตะวันออกเฉียงเหนือ,เมืองรอง
Na Yung,นายูง,TH4122,Udon Thani,อุดรธานี,TH41,Thailand,ประเทศไทย,TH,ภาคตะวันออกเฉียงเหนือตอนบน,ภาคตะวันออกเฉียงเหนือ,เมืองรอง
Phibun Rak,พิบูลย์รักษ์,TH4123,Udon Thani,อุดรธานี,TH41,Thailand,ประเทศไทย,TH,ภาคตะวันออกเฉียงเหนือตอนบน,ภาคตะวันออกเฉียงเหนือ,เมืองรอง
Ku Kaeo,กู่แก้ว,TH4124,Udon Thani,อุดรธานี,TH41,Thailand,ประเทศไทย,TH,ภาคตะวันออกเฉียงเหนือตอนบน,ภาคตะวันออกเฉียงเหนือ,เมืองรอง
Prachaksinlapakhom,ประจักษ์ศิลปาคม,TH4125,Udon Thani,อุดรธานี,TH41,Thailand,ประเทศไทย,TH,ภาคตะวันออกเฉียงเหนือตอนบน,ภาคตะวันออกเฉียงเหนือ,เมืองรอง
Mueang Loei,เมืองเลย,TH4201,Loei,เลย,TH42,Thailand,ประเทศไทย,TH,ภาคตะวันออกเฉียงเหนือตอนบน,ภาคตะวันออกเฉียงเหนือ,เมืองรอง
Na Duang,นาด้วง,TH4202,Loei,เลย,TH42,Thailand,ประเทศไทย,TH,ภาคตะวันออกเฉียงเหนือตอนบน,ภาคตะวันออกเฉียงเหนือ,เมืองรอง
Chiang Khan,เชียงคาน,TH4203,Loei,เลย,TH42,Thailand,ประเทศไทย,TH,ภาคตะวันออกเฉียงเหนือตอนบน,ภาคตะวันออกเฉียงเหนือ,เมืองรอง
Pak Chom,ปากชม,TH4204,Loei,เลย,TH42,Thailand,ประเทศไทย,TH,ภาคตะวันออกเฉียงเหนือตอนบน,ภาคตะวันออกเฉียงเหนือ,เมืองรอง
Dan Sai,ด่านซ้าย,TH4205,Loei,เลย,TH42,Thailand,ประเทศไทย,TH,ภาคตะวันออกเฉียงเหนือตอนบน,ภาคตะวันออกเฉียงเหนือ,เมืองรอง
Na Haeo,นาแห้ว,TH4206,Loei,เลย,TH42,Thailand,ประเทศไทย,TH,ภาคตะวันออกเฉียงเหนือตอนบน,ภาคตะวันออกเฉียงเหนือ,เมืองรอง
Phu Ruea,ภูเรือ,TH4207,Loei,เลย,TH42,Thailand,ประเทศไทย,TH,ภาคตะวันออกเฉียงเหนือตอนบน,ภาคตะวันออกเฉียงเหนือ,เมืองรอง
Tha Li,ท่าลี่,TH4208,Loei,เลย,TH42,Thailand,ประเทศไทย,TH,ภาคตะวันออกเฉียงเหนือตอนบน,ภาคตะวันออกเฉียงเหนือ,เมืองรอง
Wang Saphung,วังสะพุง,TH4209,Loei,เลย,TH42,Thailand,ประเทศไทย,TH,ภาคตะวันออกเฉียงเหนือตอนบน,ภาคตะวันออกเฉียงเหนือ,เมืองรอง
Phu Kradueng,ภูกระดึง,TH4210,Loei,เลย,TH42,Thailand,ประเทศไทย,TH,ภาคตะวันออกเฉียงเหนือตอนบน,ภาคตะวันออกเฉียงเหนือ,เมืองรอง
Phu Luang,ภูหลวง,TH4211,Loei,เลย,TH42,Thailand,ประเทศไทย,TH,ภาคตะวันออกเฉียงเหนือตอนบน,ภาคตะวันออกเฉียงเหนือ,เมืองรอง
Pha Khao,ผาขาว,TH4212,Loei,เลย,TH42,Thailand,ประเทศไทย,TH,ภาคตะวันออกเฉียงเหนือตอนบน,ภาคตะวันออกเฉียงเหนือ,เมืองรอง
Erawan,เอราวัณ,TH4213,Loei,เลย,TH42,Thailand,ประเทศไทย,TH,ภาคตะวันออกเฉียงเหนือตอนบน,ภาคตะวันออกเฉียงเหนือ,เมืองรอง
Nong Hin,หนองหิน,TH4214,Loei,เลย,TH42,Thailand,ประเทศไทย,TH,ภาคตะวันออกเฉียงเหนือตอนบน,ภาคตะวันออกเฉียงเหนือ,เมืองรอง
Mueang Nong Khai,เมืองหนองคาย,TH4301,Nong Khai,หนองคาย,TH43,Thailand,ประเทศไทย,TH,ภาคตะวันออกเฉียงเหนือตอนบน,ภาคตะวันออกเฉียงเหนือ,เมืองรอง
Tha Bo,ท่าบ่อ,TH4302,Nong Khai,หนองคาย,TH43,Thailand,ประเทศไทย,TH,ภาคตะวันออกเฉียงเหนือตอนบน,ภาคตะวันออกเฉียงเหนือ,เมืองรอง
Phon Phisai,โพนพิสัย,TH4305,Nong Khai,หนองคาย,TH43,Thailand,ประเทศไทย,TH,ภาคตะวันออกเฉียงเหนือตอนบน,ภาคตะวันออกเฉียงเหนือ,เมืองรอง
Si Chiang Mai,ศรีเชียงใหม่,TH4307,Nong Khai,หนองคาย,TH43,Thailand,ประเทศไทย,TH,ภาคตะวันออกเฉียงเหนือตอนบน,ภาคตะวันออกเฉียงเหนือ,เมืองรอง
Sangkhom,สังคม,TH4308,Nong Khai,หนองคาย,TH43,Thailand,ประเทศไทย,TH,ภาคตะวันออกเฉียงเหนือตอนบน,ภาคตะวันออกเฉียงเหนือ,เมืองรอง
Sakhrai,สระใคร,TH4314,Nong Khai,หนองคาย,TH43,Thailand,ประเทศไทย,TH,ภาคตะวันออกเฉียงเหนือตอนบน,ภาคตะวันออกเฉียงเหนือ,เมืองรอง
Fao Rai,เฝ้าไร่,TH4315,Nong Khai,หนองคาย,TH43,Thailand,ประเทศไทย,TH,ภาคตะวันออกเฉียงเหนือตอนบน,ภาคตะวันออกเฉียงเหนือ,เมืองรอง
Rattanawapi,รัตนวาปี,TH4316,Nong Khai,หนองคาย,TH43,Thailand,ประเทศไทย,TH,ภาคตะวันออกเฉียงเหนือตอนบน,ภาคตะวันออกเฉียงเหนือ,เมืองรอง
Pho Tak,โพธิ์ตาก,TH4317,Nong Khai,หนองคาย,TH43,Thailand,ประเทศไทย,TH,ภาคตะวันออกเฉียงเหนือตอนบน,ภาคตะวันออกเฉียงเหนือ,เมืองรอง
Mueang Maha Sarakham,เมืองมหาสารคาม,TH4401,Maha Sarakham,มหาสารคาม,TH44,Thailand,ประเทศไทย,TH,ภาคตะวันออกเฉียงเหนือตอนบน,ภาคตะวันออกเฉียงเหนือ,เมืองรอง
Kae Dam,แกดำ,TH4402,Maha Sarakham,มหาสารคาม,TH44,Thailand,ประเทศไทย,TH,ภาคตะวันออกเฉียงเหนือตอนบน,ภาคตะวันออกเฉียงเหนือ,เมืองรอง
Kosum Phisai,โกสุมพิสัย,TH4403,Maha Sarakham,มหาสารคาม,TH44,Thailand,ประเทศไทย,TH,ภาคตะวันออกเฉียงเหนือตอนบน,ภาคตะวันออกเฉียงเหนือ,เมืองรอง
Kantharawichai,กันทรวิชัย,TH4404,Maha Sarakham,มหาสารคาม,TH44,Thailand,ประเทศไทย,TH,ภาคตะวันออกเฉียงเหนือตอนบน,ภาคตะวันออกเฉียงเหนือ,เมืองรอง
Chiang Yuen,เชียงยืน,TH4405,Maha Sarakham,มหาสารคาม,TH44,Thailand,ประเทศไทย,TH,ภาคตะวันออกเฉียงเหนือตอนบน,ภาคตะวันออกเฉียงเหนือ,เมืองรอง
Borabue,บรบือ,TH4406,Maha Sarakham,มหาสารคาม,TH44,Thailand,ประเทศไทย,TH,ภาคตะวันออกเฉียงเหนือตอนบน,ภาคตะวันออกเฉียงเหนือ,เมืองรอง
Na Chueak,นาเชือก,TH4407,Maha Sarakham,มหาสารคาม,TH44,Thailand,ประเทศไทย,TH,ภาคตะวันออกเฉียงเหนือตอนบน,ภาคตะวันออกเฉียงเหนือ,เมืองรอง
Phayakkhaphum Phisai,พยัคฆภูมิพิสัย,TH4408,Maha Sarakham,มหาสารคาม,TH44,Thailand,ประเทศไทย,TH,ภาคตะวันออกเฉียงเหนือตอนบน,ภาคตะวันออกเฉียงเหนือ,เมืองรอง
Wapi Pathum,วาปีปทุม,TH4409,Maha Sarakham,มหาสารคาม,TH44,Thailand,ประเทศไทย,TH,ภาคตะวันออกเฉียงเหนือตอนบน,ภาคตะวันออกเฉียงเหนือ,เมืองรอง
Na Dun,นาดูน,TH4410,Maha Sarakham,มหาสารคาม,TH44,Thailand,ประเทศไทย,TH,ภาคตะวันออกเฉียงเหนือตอนบน,ภาคตะวันออกเฉียงเหนือ,เมืองรอง
Yang Sisurat,ยางสีสุราช,TH4411,Maha Sarakham,มหาสารคาม,TH44,Thailand,ประเทศไทย,TH,ภาคตะวันออกเฉียงเหนือตอนบน,ภาคตะวันออกเฉียงเหนือ,เมืองรอง
Kut Rang,กุดรัง,TH4412,Maha Sarakham,มหาสารคาม,TH44,Thailand,ประเทศไทย,TH,ภาคตะวันออกเฉียงเหนือตอนบน,ภาคตะวันออกเฉียงเหนือ,เมืองรอง
Chuen Chom,ชื่นชม,TH4413,Maha Sarakham,มหาสารคาม,TH44,Thailand,ประเทศไทย,TH,ภาคตะวันออกเฉียงเหนือตอนบน,ภาคตะวันออกเฉียงเหนือ,เมืองรอง
Mueang Roi Et,เมืองร้อยเอ็ด,TH4501,Roi Et,ร้อยเอ็ด,TH45,Thailand,ประเทศไทย,TH,ภาคตะวันออกเฉียงเหนือตอนบน,ภาคตะวันออกเฉียงเหนือ,เมืองรอง
Kaset Wisai,เกษตรวิสัย,TH4502,Roi Et,ร้อยเอ็ด,TH45,Thailand,ประเทศไทย,TH,ภาคตะวันออกเฉียงเหนือตอนบน,ภาคตะวันออกเฉียงเหนือ,เมืองรอง
Pathum Rat,ปทุมรัตต์,TH4503,Roi Et,ร้อยเอ็ด,TH45,Thailand,ประเทศไทย,TH,ภาคตะวันออกเฉียงเหนือตอนบน,ภาคตะวันออกเฉียงเหนือ,เมืองรอง
Chaturaphak Phiman,จตุรพักตรพิมาน,TH4504,Roi Et,ร้อยเอ็ด,TH45,Thailand,ประเทศไทย,TH,ภาคตะวันออกเฉียงเหนือตอนบน,ภาคตะวันออกเฉียงเหนือ,เมืองรอง
Thawat Buri,ธวัชบุรี,TH4505,Roi Et,ร้อยเอ็ด,TH45,Thailand,ประเทศไทย,TH,ภาคตะวันออกเฉียงเหนือตอนบน,ภาคตะวันออกเฉียงเหนือ,เมืองรอง
Phanom Phrai,พนมไพร,TH4506,Roi Et,ร้อยเอ็ด,TH45,Thailand,ประเทศไทย,TH,ภาคตะวันออกเฉียงเหนือตอนบน,ภาคตะวันออกเฉียงเหนือ,เมืองรอง
Phon Thong,โพนทอง,TH4507,Roi Et,ร้อยเอ็ด,TH45,Thailand,ประเทศไทย,TH,ภาคตะวันออกเฉียงเหนือตอนบน,ภาคตะวันออกเฉียงเหนือ,เมืองรอง
Pho Chai,โพธิ์ชัย,TH4508,Roi Et,ร้อยเอ็ด,TH45,Thailand,ประเทศไทย,TH,ภาคตะวันออกเฉียงเหนือตอนบน,ภาคตะวันออกเฉียงเหนือ,เมืองรอง
Nong Phok,หนองพอก,TH4509,Roi Et,ร้อยเอ็ด,TH45,Thailand,ประเทศไทย,TH,ภาคตะวันออกเฉียงเหนือตอนบน,ภาคตะวันออกเฉียงเหนือ,เมืองรอง
Selaphum,เสลภูมิ,TH4510,Roi Et,ร้อยเอ็ด,TH45,Thailand,ประเทศไทย,TH,ภาคตะวันออกเฉียงเหนือตอนบน,ภาคตะวันออกเฉียงเหนือ,เมืองรอง
Suwannaphum,สุวรรณภูมิ,TH4511,Roi Et,ร้อยเอ็ด,TH45,Thailand,ประเทศไทย,TH,ภาคตะวันออกเฉียงเหนือตอนบน,ภาคตะวันออกเฉียงเหนือ,เมืองรอง
Mueang Suang,เมืองสรวง,TH4512,Roi Et,ร้อยเอ็ด,TH45,Thailand,ประเทศไทย,TH,ภาคตะวันออกเฉียงเหนือตอนบน,ภาคตะวันออกเฉียงเหนือ,เมืองรอง
Phon Sai,โพนทราย,TH4513,Roi Et,ร้อยเอ็ด,TH45,Thailand,ประเทศไทย,TH,ภาคตะวันออกเฉียงเหนือตอนบน,ภาคตะวันออกเฉียงเหนือ,เมืองรอง
At Samat,อาจสามารถ,TH4514,Roi Et,ร้อยเอ็ด,TH45,Thailand,ประเทศไทย,TH,ภาคตะวันออกเฉียงเหนือตอนบน,ภาคตะวันออกเฉียงเหนือ,เมืองรอง
Moei Wadi,เมยวดี,TH4515,Roi Et,ร้อยเอ็ด,TH45,Thailand,ประเทศไทย,TH,ภาคตะวันออกเฉียงเหนือตอนบน,ภาคตะวันออกเฉียงเหนือ,เมืองรอง
Si Somdet,ศรีสมเด็จ,TH4516,Roi Et,ร้อยเอ็ด,TH45,Thailand,ประเทศไทย,TH,ภาคตะวันออกเฉียงเหนือตอนบน,ภาคตะวันออกเฉียงเหนือ,เมืองรอง
Changhan,จังหาร,TH4517,Roi Et,ร้อยเอ็ด,TH45,Thailand,ประเทศไทย,TH,ภาคตะวันออกเฉียงเหนือตอนบน,ภาคตะวันออกเฉียงเหนือ,เมืองรอง
Chiang Khwan,เชียงขวัญ,TH4518,Roi Et,ร้อยเอ็ด,TH45,Thailand,ประเทศไทย,TH,ภาคตะวันออกเฉียงเหนือตอนบน,ภาคตะวันออกเฉียงเหนือ,เมืองรอง
Nong Hi,หนองฮี,TH4519,Roi Et,ร้อยเอ็ด,TH45,Thailand,ประเทศไทย,TH,ภาคตะวันออกเฉียงเหนือตอนบน,ภาคตะวันออกเฉียงเหนือ,เมืองรอง
Thung Khao Luang,ทุ่งเขาหลวง,TH4520,Roi Et,ร้อยเอ็ด,TH45,Thailand,ประเทศไทย,TH,ภาคตะวันออกเฉียงเหนือตอนบน,ภาคตะวันออกเฉียงเหนือ,เมืองรอง
Mueang Kalasin,เมืองกาฬสินธุ์,TH4601,Kalasin,กาฬสินธุ์,TH46,Thailand,ประเทศไทย,TH,ภาคตะวันออกเฉียงเหนือตอนบน,ภาคตะวันออกเฉียงเหนือ,เมืองรอง
Na Mon,นามน,TH4602,Kalasin,กาฬสินธุ์,TH46,Thailand,ประเทศไทย,TH,ภาคตะวันออกเฉียงเหนือตอนบน,ภาคตะวันออกเฉียงเหนือ,เมืองรอง
Kamalasai,กมลาไสย,TH4603,Kalasin,กาฬสินธุ์,TH46,Thailand,ประเทศไทย,TH,ภาคตะวันออกเฉียงเหนือตอนบน,ภาคตะวันออกเฉียงเหนือ,เมืองรอง
Rong Kham,ร่องคำ,TH4604,Kalasin,กาฬสินธุ์,TH46,Thailand,ประเทศไทย,TH,ภาคตะวันออกเฉียงเหนือตอนบน,ภาคตะวันออกเฉียงเหนือ,เมืองรอง
Kuchinarai,กุฉินารายณ์,TH4605,Kalasin,กาฬสินธุ์,TH46,Thailand,ประเทศไทย,TH,ภาคตะวันออกเฉียงเหนือตอนบน,ภาคตะวันออกเฉียงเหนือ,เมืองรอง
Khao Wong,เขาวง,TH4606,Kalasin,กาฬสินธุ์,TH46,Thailand,ประเทศไทย,TH,ภาคตะวันออกเฉียงเหนือตอนบน,ภาคตะวันออกเฉียงเหนือ,เมืองรอง
Yang Talat,ยางตลาด,TH4607,Kalasin,กาฬสินธุ์,TH46,Thailand,ประเทศไทย,TH,ภาคตะวันออกเฉียงเหนือตอนบน,ภาคตะวันออกเฉียงเหนือ,เมืองรอง
Huai Mek,ห้วยเม็ก,TH4608,Kalasin,กาฬสินธุ์,TH46,Thailand,ประเทศไทย,TH,ภาคตะวันออกเฉียงเหนือตอนบน,ภาคตะวันออกเฉียงเหนือ,เมืองรอง
Sahatsakhan,สหัสขันธ์,TH4609,Kalasin,กาฬสินธุ์,TH46,Thailand,ประเทศไทย,TH,ภาคตะวันออกเฉียงเหนือตอนบน,ภาคตะวันออกเฉียงเหนือ,เมืองรอง
Kham Muang,คำม่วง,TH4610,Kalasin,กาฬสินธุ์,TH46,Thailand,ประเทศไทย,TH,ภาคตะวันออกเฉียงเหนือตอนบน,ภาคตะวันออกเฉียงเหนือ,เมืองรอง
Tha Khantho,ท่าคันโท,TH4611,Kalasin,กาฬสินธุ์,TH46,Thailand,ประเทศไทย,TH,ภาคตะวันออกเฉียงเหนือตอนบน,ภาคตะวันออกเฉียงเหนือ,เมืองรอง
Nong Kung Si,หนองกุงศรี,TH4612,Kalasin,กาฬสินธุ์,TH46,Thailand,ประเทศไทย,TH,ภาคตะวันออกเฉียงเหนือตอนบน,ภาคตะวันออกเฉียงเหนือ,เมืองรอง
Somdet,สมเด็จ,TH4613,Kalasin,กาฬสินธุ์,TH46,Thailand,ประเทศไทย,TH,ภาคตะวันออกเฉียงเหนือตอนบน,ภาคตะวันออกเฉียงเหนือ,เมืองรอง
Huai Phueng,ห้วยผึ้ง,TH4614,Kalasin,กาฬสินธุ์,TH46,Thailand,ประเทศไทย,TH,ภาคตะวันออกเฉียงเหนือตอนบน,ภาคตะวันออกเฉียงเหนือ,เมืองรอง
Sam Chai,สามชัย,TH4615,Kalasin,กาฬสินธุ์,TH46,Thailand,ประเทศไทย,TH,ภาคตะวันออกเฉียงเหนือตอนบน,ภาคตะวันออกเฉียงเหนือ,เมืองรอง
Na Khu,นาคู,TH4616,Kalasin,กาฬสินธุ์,TH46,Thailand,ประเทศไทย,TH,ภาคตะวันออกเฉียงเหนือตอนบน,ภาคตะวันออกเฉียงเหนือ,เมืองรอง
Don Chan,ดอนจาน,TH4617,Kalasin,กาฬสินธุ์,TH46,Thailand,ประเทศไทย,TH,ภาคตะวันออกเฉียงเหนือตอนบน,ภาคตะวันออกเฉียงเหนือ,เมืองรอง
Khong Chai,ฆ้องชัย,TH4618,Kalasin,กาฬสินธุ์,TH46,Thailand,ประเทศไทย,TH,ภาคตะวันออกเฉียงเหนือตอนบน,ภาคตะวันออกเฉียงเหนือ,เมืองรอง
Mueang Sakon Nakhon,เมืองสกลนคร,TH4701,Sakon Nakhon,สกลนคร,TH47,Thailand,ประเทศไทย,TH,ภาคตะวันออกเฉียงเหนือตอนบน,ภาคตะวันออกเฉียงเหนือ,เมืองรอง
Kusuman,กุสุมาลย์,TH4702,Sakon Nakhon,สกลนคร,TH47,Thailand,ประเทศไทย,TH,ภาคตะวันออกเฉียงเหนือตอนบน,ภาคตะวันออกเฉียงเหนือ,เมืองรอง
Kut Bak,กุดบาก,TH4703,Sakon Nakhon,สกลนคร,TH47,Thailand,ประเทศไทย,TH,ภาคตะวันออกเฉียงเหนือตอนบน,ภาคตะวันออกเฉียงเหนือ,เมืองรอง
Phanna Nikhom,พรรณานิคม,TH4704,Sakon Nakhon,สกลนคร,TH47,Thailand,ประเทศไทย,TH,ภาคตะวันออกเฉียงเหนือตอนบน,ภาคตะวันออกเฉียงเหนือ,เมืองรอง
Phang Khon,พังโคน,TH4705,Sakon Nakhon,สกลนคร,TH47,Thailand,ประเทศไทย,TH,ภาคตะวันออกเฉียงเหนือตอนบน,ภาคตะวันออกเฉียงเหนือ,เมืองรอง
Waritchaphum,วาริชภูมิ,TH4706,Sakon Nakhon,สกลนคร,TH47,Thailand,ประเทศไทย,TH,ภาคตะวันออกเฉียงเหนือตอนบน,ภาคตะวันออกเฉียงเหนือ,เมืองรอง
Nikhom Nam Un,นิคมน้ำอูน,TH4707,Sakon Nakhon,สกลนคร,TH47,Thailand,ประเทศไทย,TH,ภาคตะวันออกเฉียงเหนือตอนบน,ภาคตะวันออกเฉียงเหนือ,เมืองรอง
Wanon Niwat,วานรนิวาส,TH4708,Sakon Nakhon,สกลนคร,TH47,Thailand,ประเทศไทย,TH,ภาคตะวันออกเฉียงเหนือตอนบน,ภาคตะวันออกเฉียงเหนือ,เมืองรอง
Kham Ta Kla,คำตากล้า,TH4709,Sakon Nakhon,สกลนคร,TH47,Thailand,ประเทศไทย,TH,ภาคตะวันออกเฉียงเหนือตอนบน,ภาคตะวันออกเฉียงเหนือ,เมืองรอง
Ban Muang,บ้านม่วง,TH4710,Sakon Nakhon,สกลนคร,TH47,Thailand,ประเทศไทย,TH,ภาคตะวันออกเฉียงเหนือตอนบน,ภาคตะวันออกเฉียงเหนือ,เมืองรอง
Akat Amnuai,อากาศอำนวย,TH4711,Sakon Nakhon,สกลนคร,TH47,Thailand,ประเทศไทย,TH,ภาคตะวันออกเฉียงเหนือตอนบน,ภาคตะวันออกเฉียงเหนือ,เมืองรอง
Sawang Daen Din,สว่างแดนดิน,TH4712,Sakon Nakhon,สกลนคร,TH47,Thailand,ประเทศไทย,TH,ภาคตะวันออกเฉียงเหนือตอนบน,ภาคตะวันออกเฉียงเหนือ,เมืองรอง
Song Dao,ส่องดาว,TH4713,Sakon Nakhon,สกลนคร,TH47,Thailand,ประเทศไทย,TH,ภาคตะวันออกเฉียงเหนือตอนบน,ภาคตะวันออกเฉียงเหนือ,เมืองรอง
Tao Ngoi,เต่างอย,TH4714,Sakon Nakhon,สกลนคร,TH47,Thailand,ประเทศไทย,TH,ภาคตะวันออกเฉียงเหนือตอนบน,ภาคตะวันออกเฉียงเหนือ,เมืองรอง
Khok Si Suphan,โคกศรีสุพรรณ,TH4715,Sakon Nakhon,สกลนคร,TH47,Thailand,ประเทศไทย,TH,ภาคตะวันออกเฉียงเหนือตอนบน,ภาคตะวันออกเฉียงเหนือ,เมืองรอง
Charoen Sin,เจริญศิลป์,TH4716,Sakon Nakhon,สกลนคร,TH47,Thailand,ประเทศไทย,TH,ภาคตะวันออกเฉียงเหนือตอนบน,ภาคตะวันออกเฉียงเหนือ,เมืองรอง
Phon Na Kaeo,โพนนาแก้ว,TH4717,Sakon Nakhon,สกลนคร,TH47,Thailand,ประเทศไทย,TH,ภาคตะวันออกเฉียงเหนือตอนบน,ภาคตะวันออกเฉียงเหนือ,เมืองรอง
Phu Phan,ภูพาน,TH4718,Sakon Nakhon,สกลนคร,TH47,Thailand,ประเทศไทย,TH,ภาคตะวันออกเฉียงเหนือตอนบน,ภาคตะวันออกเฉียงเหนือ,เมืองรอง
Mueang Nakhon Phanom,เมืองนครพนม,TH4801,Nakhon Phanom,นครพนม,TH48,Thailand,ประเทศไทย,TH,ภาคตะวันออกเฉียงเหนือตอนบน,ภาคตะวันออกเฉียงเหนือ,เมืองรอง
Pla Pak,ปลาปาก,TH4802,Nakhon Phanom,นครพนม,TH48,Thailand,ประเทศไทย,TH,ภาคตะวันออกเฉียงเหนือตอนบน,ภาคตะวันออกเฉียงเหนือ,เมืองรอง
Tha Uthen,ท่าอุเทน,TH4803,Nakhon Phanom,นครพนม,TH48,Thailand,ประเทศไทย,TH,ภาคตะวันออกเฉียงเหนือตอนบน,ภาคตะวันออกเฉียงเหนือ,เมืองรอง
Ban Phaeng,บ้านแพง,TH4804,Nakhon Phanom,นครพนม,TH48,Thailand,ประเทศไทย,TH,ภาคตะวันออกเฉียงเหนือตอนบน,ภาคตะวันออกเฉียงเหนือ,เมืองรอง
That Phanom,ธาตุพนม,TH4805,Nakhon Phanom,นครพนม,TH48,Thailand,ประเทศไทย,TH,ภาคตะวันออกเฉียงเหนือตอนบน,ภาคตะวันออกเฉียงเหนือ,เมืองรอง
Renu Nakhon,เรณูนคร,TH4806,Nakhon Phanom,นครพนม,TH48,Thailand,ประเทศไทย,TH,ภาคตะวันออกเฉียงเหนือตอนบน,ภาคตะวันออกเฉียงเหนือ,เมืองรอง
Na Kae,นาแก,TH4807,Nakhon Phanom,นครพนม,TH48,Thailand,ประเทศไทย,TH,ภาคตะวันออกเฉียงเหนือตอนบน,ภาคตะวันออกเฉียงเหนือ,เมืองรอง
Si Songkhram,ศรีสงคราม,TH4808,Nakhon Phanom,นครพนม,TH48,Thailand,ประเทศไทย,TH,ภาคตะวันออกเฉียงเหนือตอนบน,ภาคตะวันออกเฉียงเหนือ,เมืองรอง
Na Wa,นาหว้า,TH4809,Nakhon Phanom,นครพนม,TH48,Thailand,ประเทศไทย,TH,ภาคตะวันออกเฉียงเหนือตอนบน,ภาคตะวันออกเฉียงเหนือ,เมืองรอง
Phon Sawan,โพนสวรรค์,TH4810,Nakhon Phanom,นครพนม,TH48,Thailand,ประเทศไทย,TH,ภาคตะวันออกเฉียงเหนือตอนบน,ภาคตะวันออกเฉียงเหนือ,เมืองรอง
Na Thom,นาทม,TH4811,Nakhon Phanom,นครพนม,TH48,Thailand,ประเทศไทย,TH,ภาคตะวันออกเฉียงเหนือตอนบน,ภาคตะวันออกเฉียงเหนือ,เมืองรอง
Wang Yang,วังยาง,TH4812,Nakhon Phanom,นครพนม,TH48,Thailand,ประเทศไทย,TH,ภาคตะวันออกเฉียงเหนือตอนบน,ภาคตะวันออกเฉียงเหนือ,เมืองรอง
Mueang Mukdahan,เมืองมุกดาหาร,TH4901,Mukdahan,มุกดาหาร,TH49,Thailand,ประเทศไทย,TH,ภาคตะวันออกเฉียงเหนือตอนบน,ภาคตะวันออกเฉียงเหนือ,เมืองรอง
Nikhom Kham Soi,นิคมคำสร้อย,TH4902,Mukdahan,มุกดาหาร,TH49,Thailand,ประเทศไทย,TH,ภาคตะวันออกเฉียงเหนือตอนบน,ภาคตะวันออกเฉียงเหนือ,เมืองรอง
Don Tan,ดอนตาล,TH4903,Mukdahan,มุกดาหาร,TH49,Thailand,ประเทศไทย,TH,ภาคตะวันออกเฉียงเหนือตอนบน,ภาคตะวันออกเฉียงเหนือ,เมืองรอง
Dong Luang,ดงหลวง,TH4904,Mukdahan,มุกดาหาร,TH49,Thailand,ประเทศไทย,TH,ภาคตะวันออกเฉียงเหนือตอนบน,ภาคตะวันออกเฉียงเหนือ,เมืองรอง
Khamcha-I,คำชะอี,TH4905,Mukdahan,มุกดาหาร,TH49,Thailand,ประเทศไทย,TH,ภาคตะวันออกเฉียงเหนือตอนบน,ภาคตะวันออกเฉียงเหนือ,เมืองรอง
Wan Yai,หว้านใหญ่,TH4906,Mukdahan,มุกดาหาร,TH49,Thailand,ประเทศไทย,TH,ภาคตะวันออกเฉียงเหนือตอนบน,ภาคตะวันออกเฉียงเหนือ,เมืองรอง
Nong Sung,หนองสูง,TH4907,Mukdahan,มุกดาหาร,TH49,Thailand,ประเทศไทย,TH,ภาคตะวันออกเฉียงเหนือตอนบน,ภาคตะวันออกเฉียงเหนือ,เมืองรอง
