ADM2_EN,ADM2_TH,ADM2_PCODE,ADM1_EN,ADM1_TH,ADM1_PCODE,ADM0_EN,ADM0_TH,ADM0_PCODE,REGION9,REGION6,DESTINATION
Mueang Nakhon Si Thammarat,นครศรีธรรมราช,TH8001,Nakhon Si Thammarat,นครศรีธรรมราช,TH80,Thailand,ประเทศไทย,TH,ภาคใต้ตอนบน,ภาคใต้,เมืองรอง
Phrom Khiri,พรหมคีรี,TH8002,Nakhon Si Thammarat,นครศรีธรรมราช,TH80,Thailand,ประเทศไทย,TH,ภาคใต้ตอนบน,ภาคใต้,เมืองรอง
Lan Saka,ลานสกา,TH8003,Nakhon Si Thammarat,นครศรีธรรมราช,TH80,Thailand,ประเทศไทย,TH,ภาคใต้ตอนบน,ภาคใต้,เมืองรอง
Chawang,ฉวาง,TH8004,Nakhon Si Thammarat,นครศรีธรรมราช,TH80,Thailand,ประเทศไทย,TH,ภาคใต้ตอนบน,ภาคใต้,เมืองรอง
Phipun,พิปูน,TH8005,Nakhon Si Thammarat,นครศรีธรรมราช,TH80,Thailand,ประเทศไทย,TH,ภาคใต้ตอนบน,ภาคใต้,เมืองรอง
Chian Yai,เชียรใหญ่,TH8006,Nakhon Si Thammarat,นครศรีธรรมราช,TH80,Thailand,ประเทศไทย,TH,ภาคใต้ตอนบน,ภาคใต้,เมืองรอง
Cha-Uat,ชะอวด,TH8007,Nakhon Si Thammarat,นครศรีธรรมราช,TH80,Thailand,ประเทศไทย,TH,ภาคใต้ตอนบน,ภาคใต้,เมืองรอง
Tha Sala,ท่าศาลา,TH8008,Nakhon Si Thammarat,นครศรีธรรมราช,TH80,Thailand,ประเทศไทย,TH,ภาคใต้ตอนบน,ภาคใต้,เมืองรอง
Thung Song,ทุ่งสง,TH8009,Nakhon Si Thammarat,นครศรีธรรมราช,TH80,Thailand,ประเทศไทย,TH,ภาคใต้ตอนบน,ภาคใต้,เมืองรอง
Na Bon,นาบอน,TH8010,Nakhon Si Thammarat,นครศรีธรรมราช,TH80,Thailand,ประเทศไทย,TH,ภาคใต้ตอนบน,ภาคใต้,เมืองรอง
Thung Yai,ทุ่งใหญ่,TH8011,Nakhon Si Thammarat,นครศรีธรรมราช,TH80,Thailand,ประเทศไทย,TH,ภาคใต้ตอนบน,ภาคใต้,เมืองรอง
Pak Phanang,ปากพนัง,TH8012,Nakhon Si Thammarat,นครศรีธรรมราช,TH80,Thailand,ประเทศไทย,TH,ภาคใต้ตอนบน,ภาคใต้,เมืองรอง
Ron Phibun,ร่อนพิบูลย์,TH8013,Nakhon Si Thammarat,นครศรีธรรมราช,TH80,Thailand,ประเทศไทย,TH,ภาคใต้ตอนบน,ภาคใต้,เมืองรอง
Sichon,สิชล,TH8014,Nakhon Si Thammarat,นครศรีธรรมราช,TH80,Thailand,ประเทศไทย,TH,ภาคใต้ตอนบน,ภาคใต้,เมืองรอง
Khanom,ขนอม,TH8015,Nakhon Si Thammarat,นครศรีธรรมราช,TH80,Thailand,ประเทศไทย,TH,ภาคใต้ตอนบน,ภาคใต้,เมืองรอง
Hua Sai,หัวไทร,TH8016,Nakhon Si Thammarat,นครศรีธรรมราช,TH80,Thailand,ประเทศไทย,TH,ภาคใต้ตอนบน,ภาคใต้,เมืองรอง
Bang Khan,บางขัน,TH8017,Nakhon Si Thammarat,นครศรีธรรมราช,TH80,Thailand,ประเทศไทย,TH,ภาคใต้ตอนบน,ภาคใต้,เมืองรอง
Tham Phannara,ถ้ำพรรณรา,TH8018,Nakhon Si Thammarat,นครศรีธรรมราช,TH80,Thailand,ประเทศไทย,TH,ภาคใต้ตอนบน,ภาคใต้,เมืองรอง
Chulabhorn,จุฬาภรณ์,TH8019,Nakhon Si Thammarat,นครศรีธรรมราช,TH80,Thailand,ประเทศไทย,TH,ภาคใต้ตอนบน,ภาคใต้,เมืองรอง
Phra Phrom,พระพรหม,TH8020,Nakhon Si Thammarat,นครศรีธรรมราช,TH80,Thailand,ประเทศไทย,TH,ภาคใต้ตอนบน,ภาคใต้,เมืองรอง
Nopphitam,นบพิตำ,TH8021,Nakhon Si Thammarat,นครศรีธรรมราช,TH80,Thailand,ประเทศไทย,TH,ภาคใต้ตอนบน,ภาคใต้,เมืองรอง
Chang Klang,ช้างกลาง,TH8022,Nakhon Si Thammarat,นครศรีธรรมราช,TH80,Thailand,ประเทศไทย,TH,ภาคใต้ตอนบน,ภาคใต้,เมืองรอง
Chaloem Phra Kiat,เฉลิมพระเกียรติ,TH8023,Nakhon Si Thammarat,นครศรีธรรมราช,TH80,Thailand,ประเทศไทย,TH,ภาคใต้ตอนบน,ภาคใต้,เมืองรอง
Mueang Krabi,เมืองกระบี่,TH8101,Krabi,กระบี่,TH81,Thailand,ประเทศไทย,TH,ภาคใต้ตอนบน,ภาคใต้,เมืองหลัก
Khao Phanom,เขาพนม,TH8102,Krabi,กระบี่,TH81,Thailand,ประเทศไทย,TH,ภาคใต้ตอนบน,ภาคใต้,เมืองหลัก
Ko Lanta,เกาะลันตา,TH8103,Krabi,กระบี่,TH81,Thailand,ประเทศไทย,TH,ภาคใต้ตอนบน,ภาคใต้,เมืองหลัก
Khlong Thom,คลองท่อม,TH8104,Krabi,กระบี่,TH81,Thailand,ประเทศไทย,TH,ภาคใต้ตอนบน,ภาคใต้,เมืองหลัก
Ao Luek,อ่าวลึก,TH8105,Krabi,กระบี่,TH81,Thailand,ประเทศไทย,TH,ภาคใต้ตอนบน,ภาคใต้,เมืองหลัก
Plai Phraya,ปลายพระยา,TH8106,Krabi,กระบี่,TH81,Thailand,ประเทศไทย,TH,ภาคใต้ตอนบน,ภาคใต้,เมืองหลัก
Lam Thap,ลำทับ,TH8107,Krabi,กระบี่,TH81,Thailand,ประเทศไทย,TH,ภาคใต้ตอนบน,ภาคใต้,เมืองหลัก
Nuea Khlong,เหนือคลอง,TH8108,Krabi,กระบี่,TH81,Thailand,ประเทศไทย,TH,ภาคใต้ตอนบน,ภาคใต้,เมืองหลัก
Mueang Phangnga,เมืองพังงา,TH8201,Phangnga,พังงา,TH82,Thailand,ประเทศไทย,TH,ภาคใต้ตอนบน,ภาคใต้,เมืองหลัก
Ko Yao,เกาะยาว,TH8202,Phangnga,พังงา,TH82,Thailand,ประเทศไทย,TH,ภาคใต้ตอนบน,ภาคใต้,เมืองหลัก
Kapong,กะปง,TH8203,Phangnga,พังงา,TH82,Thailand,ประเทศไทย,TH,ภาคใต้ตอนบน,ภาคใต้,เมืองหลัก
Takua Thung,ตะกั่วทุ่ง,TH8204,Phangnga,พังงา,TH82,Thailand,ประเทศไทย,TH,ภาคใต้ตอนบน,ภาคใต้,เมืองหลัก
Takua Pa,ตะกั่วป่า,TH8205,Phangnga,พังงา,TH82,Thailand,ประเทศไทย,TH,ภาคใต้ตอนบน,ภาคใต้,เมืองหลัก
Khura Buri,คุระบุรี,TH8206,Phangnga,พังงา,TH82,Thailand,ประเทศไทย,TH,ภาคใต้ตอนบน,ภาคใต้,เมืองหลัก
Thap Put,ทับปุด,TH8207,Phangnga,พังงา,TH82,Thailand,ประเทศไทย,TH,ภาคใต้ตอนบน,ภาคใต้,เมืองหลัก
Thai Mueang,ท้ายเหมือง,TH8208,Phangnga,พังงา,TH82,Thailand,ประเทศไทย,TH,ภาคใต้ตอนบน,ภาคใต้,เมืองหลัก
Mueang Phuket,เมืองภูเก็ต,TH8301,Phuket,ภูเก็ต,TH83,Thailand,ประเทศไทย,TH,ภาคใต้ตอนบน,ภาคใต้,เมืองหลัก
Kathu,กะทู้,TH8302,Phuket,ภูเก็ต,TH83,Thailand,ประเทศไทย,TH,ภาคใต้ตอนบน,ภาคใต้,เมืองหลัก
Thalang,ถลาง,TH8303,Phuket,ภูเก็ต,TH83,Thailand,ประเทศไทย,TH,ภาคใต้ตอนบน,ภาคใต้,เมืองหลัก
Mueang Surat Thani,เมืองสุราษฎร์ธาน,TH8401,Surat Thani,สุราษฎร์ธานี,TH84,Thailand,ประเทศไทย,TH,ภาคใต้ตอนบน,ภาคใต้,เมืองหลัก
Kanchanadit,กาญจนดิษฐ์,TH8402,Surat Thani,สุราษฎร์ธานี,TH84,Thailand,ประเทศไทย,TH,ภาคใต้ตอนบน,ภาคใต้,เมืองหลัก
Don Sak,ดอนสัก,TH8403,Surat Thani,สุราษฎร์ธานี,TH84,Thailand,ประเทศไทย,TH,ภาคใต้ตอนบน,ภาคใต้,เมืองหลัก
Ko Samui,เกาะสมุย,TH8404,Surat Thani,สุราษฎร์ธานี,TH84,Thailand,ประเทศไทย,TH,ภาคใต้ตอนบน,ภาคใต้,เมืองหลัก
Ko Pha-Ngan,เกาะพะงัน,TH8405,Surat Thani,สุราษฎร์ธานี,TH84,Thailand,ประเทศไทย,TH,ภาคใต้ตอนบน,ภาคใต้,เมืองหลัก
Chaiya,ไชยา,TH8406,Surat Thani,สุราษฎร์ธานี,TH84,Thailand,ประเทศไทย,TH,ภาคใต้ตอนบน,ภาคใต้,เมืองหลัก
Tha Chana,ท่าชนะ,TH8407,Surat Thani,สุราษฎร์ธานี,TH84,Thailand,ประเทศไทย,TH,ภาคใต้ตอนบน,ภาคใต้,เมืองหลัก
Khiri Rat Nikhom,คีรีรัฐนิคม,TH8408,Surat Thani,สุราษฎร์ธานี,TH84,Thailand,ประเทศไทย,TH,ภาคใต้ตอนบน,ภาคใต้,เมืองหลัก
Ban Ta Khun,บ้านตาขุน,TH8409,Surat Thani,สุราษฎร์ธานี,TH84,Thailand,ประเทศไทย,TH,ภาคใต้ตอนบน,ภาคใต้,เมืองหลัก
Phanom,พนม,TH8410,Surat Thani,สุราษฎร์ธานี,TH84,Thailand,ประเทศไทย,TH,ภาคใต้ตอนบน,ภาคใต้,เมืองหลัก
Tha Chang,ท่าฉาง,TH8411,Surat Thani,สุราษฎร์ธานี,TH84,Thailand,ประเทศไทย,TH,ภาคใต้ตอนบน,ภาคใต้,เมืองหลัก
Ban Na San,บ้านนาสาร,TH8412,Surat Thani,สุราษฎร์ธานี,TH84,Thailand,ประเทศไทย,TH,ภาคใต้ตอนบน,ภาคใต้,เมืองหลัก
Ban Na Doem,บ้านนาเดิม,TH8413,Surat Thani,สุราษฎร์ธานี,TH84,Thailand,ประเทศไทย,TH,ภาคใต้ตอนบน,ภาคใต้,เมืองหลัก
Khian Sa,เคียนซา,TH8414,Surat Thani,สุราษฎร์ธานี,TH84,Thailand,ประเทศไทย,TH,ภาคใต้ตอนบน,ภาคใต้,เมืองหลัก
Wiang Sa,เวียงสระ,TH8415,Surat Thani,สุราษฎร์ธานี,TH84,Thailand,ประเทศไทย,TH,ภาคใต้ตอนบน,ภาคใต้,เมืองหลัก
Phrasaeng,พระแสง,TH8416,Surat Thani,สุราษฎร์ธานี,TH84,Thailand,ประเทศไทย,TH,ภาคใต้ตอนบน,ภาคใต้,เมืองหลัก
Phunphin,พุนพิน,TH8417,Surat Thani,สุราษฎร์ธานี,TH84,Thailand,ประเทศไทย,TH,ภาคใต้ตอนบน,ภาคใต้,เมืองหลัก
Chai Buri,ชัยบุรี,TH8418,Surat Thani,สุราษฎร์ธานี,TH84,Thailand,ประเทศไทย,TH,ภาคใต้ตอนบน,ภาคใต้,เมืองหลัก
Vibhavadi,วิภาวดี,TH8419,Surat Thani,สุราษฎร์ธานี,TH84,Thailand,ประเทศไทย,TH,ภาคใต้ตอนบน,ภาคใต้,เมืองหลัก
Mueang Ranong,เมืองระนอง,TH8501,Ranong,ระนอง,TH85,Thailand,ประเทศไทย,TH,ภาคใต้ตอนบน,ภาคใต้,เมืองรอง
La-Un,ละอุ่น,TH8502,Ranong,ระนอง,TH85,Thailand,ประเทศไทย,TH,ภาคใต้ตอนบน,ภาคใต้,เมืองรอง
Kapoe,กะเปอร์,TH8503,Ranong,ระนอง,TH85,Thailand,ประเทศไทย,TH,ภาคใต้ตอนบน,ภาคใต้,เมืองรอง
Kra Buri,กระบุรี,TH8504,Ranong,ระนอง,TH85,Thailand,ประเทศไทย,TH,ภาคใต้ตอนบน,ภาคใต้,เมืองรอง
Suk Samran,สุขสำราญ,TH8505,Ranong,ระนอง,TH85,Thailand,ประเทศไทย,TH,ภาคใต้ตอนบน,ภาคใต้,เมืองรอง
Mueang Chumphon,เมืองชุมพร,TH8601,Chumphon,ชุมพร,TH86,Thailand,ประเทศไทย,TH,ภาคใต้ตอนบน,ภาคใต้,เมืองรอง
Tha Sae,ท่าแซะ,TH8602,Chumphon,ชุมพร,TH86,Thailand,ประเทศไทย,TH,ภาคใต้ตอนบน,ภาคใต้,เมืองรอง
Pathio,ปะทิว,TH8603,Chumphon,ชุมพร,TH86,Thailand,ประเทศไทย,TH,ภาคใต้ตอนบน,ภาคใต้,เมืองรอง
Lang Suan,หลังสวน,TH8604,Chumphon,ชุมพร,TH86,Thailand,ประเทศไทย,TH,ภาคใต้ตอนบน,ภาคใต้,เมืองรอง
Lamae,ละแม,TH8605,Chumphon,ชุมพร,TH86,Thailand,ประเทศไทย,TH,ภาคใต้ตอนบน,ภาคใต้,เมืองรอง
Phato,พะโต๊ะ,TH8606,Chumphon,ชุมพร,TH86,Thailand,ประเทศไทย,TH,ภาคใต้ตอนบน,ภาคใต้,เมืองรอง
Sawi,สวี,TH8607,Chumphon,ชุมพร,TH86,Thailand,ประเทศไทย,TH,ภาคใต้ตอนบน,ภาคใต้,เมืองรอง
Thung Tako,ทุ่งตะโก,TH8608,Chumphon,ชุมพร,TH86,Thailand,ประเทศไทย,TH,ภาคใต้ตอนบน,ภาคใต้,เมืองรอง
Mueang Songkhla,เมืองสงขลา,TH9001,Songkhla,สงขลา,TH90,Thailand,ประเทศไทย,TH,ภาคใต้ตอนล่าง,ภาคใต้,เมืองหลัก
Sathing Phra,สทิงพระ,TH9002,Songkhla,สงขลา,TH90,Thailand,ประเทศไทย,TH,ภาคใต้ตอนล่าง,ภาคใต้,เมืองหลัก
Chana,จะนะ,TH9003,Songkhla,สงขลา,TH90,Thailand,ประเทศไทย,TH,ภาคใต้ตอนล่าง,ภาคใต้,เมืองหลัก
Na Thawi,นาทวี,TH9004,Songkhla,สงขลา,TH90,Thailand,ประเทศไทย,TH,ภาคใต้ตอนล่าง,ภาคใต้,เมืองหลัก
Thepha,เทพา,TH9005,Songkhla,สงขลา,TH90,Thailand,ประเทศไทย,TH,ภาคใต้ตอนล่าง,ภาคใต้,เมืองหลัก
Saba Yoi,สะบ้าย้อย,TH9006,Songkhla,สงขลา,TH90,Thailand,ประเทศไทย,TH,ภาคใต้ตอนล่าง,ภาคใต้,เมืองหลัก
Ranot,ระโนด,TH9007,Songkhla,สงขลา,TH90,Thailand,ประเทศไทย,TH,ภาคใต้ตอนล่าง,ภาคใต้,เมืองหลัก
Krasae Sin,กระแสสินธุ์,TH9008,Songkhla,สงขลา,TH90,Thailand,ประเทศไทย,TH,ภาคใต้ตอนล่าง,ภาคใต้,เมืองหลัก
Rattaphum,รัตภูมิ,TH9009,Songkhla,สงขลา,TH90,Thailand,ประเทศไทย,TH,ภาคใต้ตอนล่าง,ภาคใต้,เมืองหลัก
Sadao,สะเดา,TH9010,Songkhla,สงขลา,TH90,Thailand,ประเทศไทย,TH,ภาคใต้ตอนล่าง,ภาคใต้,เมืองหลัก
Hat Yai,หาดใหญ่,TH9011,Songkhla,สงขลา,TH90,Thailand,ประเทศไทย,TH,ภาคใต้ตอนล่าง,ภาคใต้,เมืองหลัก
Na Mom,นาหม่อม,TH9012,Songkhla,สงขลา,TH90,Thailand,ประเทศไทย,TH,ภาคใต้ตอนล่าง,ภาคใต้,เมืองหลัก
Khuan Niang,ควนเนียง,TH9013,Songkhla,สงขลา,TH90,Thailand,ประเทศไทย,TH,ภาคใต้ตอนล่าง,ภาคใต้,เมืองหลัก
Bang Klam,บางกล่ำ,TH9014,Songkhla,สงขลา,TH90,Thailand,ประเทศไทย,TH,ภาคใต้ตอนล่าง,ภาคใต้,เมืองหลัก
Singhanakhon,สิงหนคร,TH9015,Songkhla,สงขลา,TH90,Thailand,ประเทศไทย,TH,ภาคใต้ตอนล่าง,ภาคใต้,เมืองหลัก
Khlong Hoi Khong,คลองหอยโข่ง,TH9016,Songkhla,สงขลา,TH90,Thailand,ประเทศไทย,TH,ภาคใต้ตอนล่าง,ภาคใต้,เมืองหลัก
Mueang Satun,เมืองสตูล,TH9101,Satun,สตูล,TH91,Thailand,ประเทศไทย,TH,ภาคใต้ตอนล่าง,ภาคใต้,เมืองรอง
Khuan Don,ควนโดน,TH9102,Satun,สตูล,TH91,Thailand,ประเทศไทย,TH,ภาคใต้ตอนล่าง,ภาคใต้,เมืองรอง
Khuan Kalong,ควนกาหลง,TH9103,Satun,สตูล,TH91,Thailand,ประเทศไทย,TH,ภาคใต้ตอนล่าง,ภาคใต้,เมืองรอง
Tha Phae,ท่าแพ,TH9104,Satun,สตูล,TH91,Thailand,ประเทศไทย,TH,ภาคใต้ตอนล่าง,ภาคใต้,เมืองรอง
La-Ngu,ละงู,TH9105,Satun,สตูล,TH91,Thailand,ประเทศไทย,TH,ภาคใต้ตอนล่าง,ภาคใต้,เมืองรอง
Thung Wa,ทุ่งหว้า,TH9106,Satun,สตูล,TH91,Thailand,ประเทศไทย,TH,ภาคใต้ตอนล่าง,ภาคใต้,เมืองรอง
Manang,มะนัง,TH9107,Satun,สตูล,TH91,Thailand,ประเทศไทย,TH,ภาคใต้ตอนล่าง,ภาคใต้,เมืองรอง
Mueang Trang,เมืองตรัง,TH9201,Trang,ตรัง,TH92,Thailand,ประเทศไทย,TH,ภาคใต้ตอนล่าง,ภาคใต้,เมืองรอง
Kantang,กันตัง,TH9202,Trang,ตรัง,TH92,Thailand,ประเทศไทย,TH,ภาคใต้ตอนล่าง,ภาคใต้,เมืองรอง
Yan Ta Khao,ย่านตาขาว,TH9203,Trang,ตรัง,TH92,Thailand,ประเทศไทย,TH,ภาคใต้ตอนล่าง,ภาคใต้,เมืองรอง
Palian,ปะเหลียน,TH9204,Trang,ตรัง,TH92,Thailand,ประเทศไทย,TH,ภาคใต้ตอนล่าง,ภาคใต้,เมืองรอง
Sikao,สิเกา,TH9205,Trang,ตรัง,TH92,Thailand,ประเทศไทย,TH,ภาคใต้ตอนล่าง,ภาคใต้,เมืองรอง
Huai Yot,ห้วยยอด,TH9206,Trang,ตรัง,TH92,Thailand,ประเทศไทย,TH,ภาคใต้ตอนล่าง,ภาคใต้,เมืองรอง
Wang Wiset,วังวิเศษ,TH9207,Trang,ตรัง,TH92,Thailand,ประเทศไทย,TH,ภาคใต้ตอนล่าง,ภาคใต้,เมืองรอง
Na Yong,นาโยง,TH9208,Trang,ตรัง,TH92,Thailand,ประเทศไทย,TH,ภาคใต้ตอนล่าง,ภาคใต้,เมืองรอง
Ratsada,รัษฎา,TH9209,Trang,ตรัง,TH92,Thailand,ประเทศไทย,TH,ภาคใต้ตอนล่าง,ภาคใต้,เมืองรอง
Hat Samran,หาดสำราญ,TH9210,Trang,ตรัง,TH92,Thailand,ประเทศไทย,TH,ภาคใต้ตอนล่าง,ภาคใต้,เมืองรอง
Mueang Phatthalung,เมืองพัทลุง,TH9301,Phatthalung,พัทลุง,TH93,Thailand,ประเทศไทย,TH,ภาคใต้ตอนล่าง,ภาคใต้,เมืองรอง
Kong Ra,กงหรา,TH9302,Phatthalung,พัทลุง,TH93,Thailand,ประเทศไทย,TH,ภาคใต้ตอนล่าง,ภาคใต้,เมืองรอง
Khao Chaison,เขาชัยสน,TH9303,Phatthalung,พัทลุง,TH93,Thailand,ประเทศไทย,TH,ภาคใต้ตอนล่าง,ภาคใต้,เมืองรอง
Tamot,ตะโหมด,TH9304,Phatthalung,พัทลุง,TH93,Thailand,ประเทศไทย,TH,ภาคใต้ตอนล่าง,ภาคใต้,เมืองรอง
Khuan Khanun,ควนขนุน,TH9305,Phatthalung,พัทลุง,TH93,Thailand,ประเทศไทย,TH,ภาคใต้ตอนล่าง,ภาคใต้,เมืองรอง
Pak Phayun,ปากพะยูน,TH9306,Phatthalung,พัทลุง,TH93,Thailand,ประเทศไทย,TH,ภาคใต้ตอนล่าง,ภาคใต้,เมืองรอง
Si Banphot,ศรีบรรพต,TH9307,Phatthalung,พัทลุง,TH93,Thailand,ประเทศไทย,TH,ภาคใต้ตอนล่าง,ภาคใต้,เมืองรอง
Pa Bon,ป่าบอน,TH9308,Phatthalung,พัทลุง,TH93,Thailand,ประเทศไทย,TH,ภาคใต้ตอนล่าง,ภาคใต้,เมืองรอง
Bang Kaeo,บางแก้ว,TH9309,Phatthalung,พัทลุง,TH93,Thailand,ประเทศไทย,TH,ภาคใต้ตอนล่าง,ภาคใต้,เมืองรอง
Pa Phayom,ป่าพะยอม,TH9310,Phatthalung,พัทลุง,TH93,Thailand,ประเทศไทย,TH,ภาคใต้ตอนล่าง,ภาคใต้,เมืองรอง
Srinagarindra,ศรีนครินทร์,TH9311,Phatthalung,พัทลุง,TH93,Thailand,ประเทศไทย,TH,ภาคใต้ตอนล่าง,ภาคใต้,เมืองรอง
Mueang Pattani,เมืองปัตตานี,TH9401,Pattani,ปัตตานี,TH94,Thailand,ประเทศไทย,TH,ภาคใต้ตอนล่าง,ภาคใต้,เมืองรอง
Khok Pho,โคกโพธิ์,TH9402,Pattani,ปัตตานี,TH94,Thailand,ประเทศไทย,TH,ภาคใต้ตอนล่าง,ภาคใต้,เมืองรอง
Nong Chik,หนองจิก,TH9403,Pattani,ปัตตานี,TH94,Thailand,ประเทศไทย,TH,ภาคใต้ตอนล่าง,ภาคใต้,เมืองรอง
Panare,ปะนาเระ,TH9404,Pattani,ปัตตานี,TH94,Thailand,ประเทศไทย,TH,ภาคใต้ตอนล่าง,ภาคใต้,เมืองรอง
Mayo,มายอ,TH9405,Pattani,ปัตตานี,TH94,Thailand,ประเทศไทย,TH,ภาคใต้ตอนล่าง,ภาคใต้,เมืองรอง
Thung Yang Daeng,ทุ่งยางแดง,TH9406,Pattani,ปัตตานี,TH94,Thailand,ประเทศไทย,TH,ภาคใต้ตอนล่าง,ภาคใต้,เมืองรอง
Sai Buri,สายบุรี,TH9407,Pattani,ปัตตานี,TH94,Thailand,ประเทศไทย,TH,ภาคใต้ตอนล่าง,ภาคใต้,เมืองรอง
Mai Kaen,ไม้แก่น,TH9408,Pattani,ปัตตานี,TH94,Thailand,ประเทศไทย,TH,ภาคใต้ตอนล่าง,ภาคใต้,เมืองรอง
Yaring,ยะหริ่ง,TH9409,Pattani,ปัตตานี,TH94,Thailand,ประเทศไทย,TH,ภาคใต้ตอนล่าง,ภาคใต้,เมืองรอง
Yarang,ยะรัง,TH9410,Pattani,ปัตตานี,TH94,Thailand,ประเทศไทย,TH,ภาคใต้ตอนล่าง,ภาคใต้,เมืองรอง
Kapho,กะพ้อ,TH9411,Pattani,ปัตตานี,TH94,Thailand,ประเทศไทย,TH,ภาคใต้ตอนล่าง,ภาคใต้,เมืองรอง
Mae Lan,แม่ลาน,TH9412,Pattani,ปัตตานี,TH94,Thailand,ประเทศไทย,TH,ภาคใต้ตอนล่าง,ภาคใต้,เมืองรอง
Mueang Yala,เมืองยะลา,TH9501,Yala,ยะลา,TH95,Thailand,ประเทศไทย,TH,ภาคใต้ตอนล่าง,ภาคใต้,เมืองรอง
Betong,เบตง,TH9502,Yala,ยะลา,TH95,Thailand,ประเทศไทย,TH,ภาคใต้ตอนล่าง,ภาคใต้,เมืองรอง
Bannang Sata,บันนังสตา,TH9503,Yala,ยะลา,TH95,Thailand,ประเทศไทย,TH,ภาคใต้ตอนล่าง,ภาคใต้,เมืองรอง
Than To,ธารโต,TH9504,Yala,ยะลา,TH95,Thailand,ประเทศไทย,TH,ภาคใต้ตอนล่าง,ภาคใต้,เมืองรอง
Yaha,ยะหา,TH9505,Yala,ยะลา,TH95,Thailand,ประเทศไทย,TH,ภาคใต้ตอนล่าง,ภาคใต้,เมืองรอง
Raman,รามัน,TH9506,Yala,ยะลา,TH95,Thailand,ประเทศไทย,TH,ภาคใต้ตอนล่าง,ภาคใต้,เมืองรอง
Kabang,กาบัง,TH9507,Yala,ยะลา,TH95,Thailand,ประเทศไทย,TH,ภาคใต้ตอนล่าง,ภาคใต้,เมืองรอง
Krong Pinang,กรงปินัง,TH9508,Yala,ยะลา,TH95,Thailand,ประเทศไทย,TH,ภาคใต้ตอนล่าง,ภาคใต้,เมืองรอง
Mueang Narathiwat,เมืองนราธิวาส,TH9601,Narathiwat,นราธิวาส,TH96,Thailand,ประเทศไทย,TH,ภาคใต้ตอนล่าง,ภาคใต้,เมืองรอง
Tak Bai,ตากใบ,TH9602,Narathiwat,นราธิวาส,TH96,Thailand,ประเทศไทย,TH,ภาคใต้ตอนล่าง,ภาคใต้,เมืองรอง
Bacho,บาเจาะ,TH9603,Narathiwat,นราธิวาส,TH96,Thailand,ประเทศไทย,TH,ภาคใต้ตอนล่าง,ภาคใต้,เมืองรอง
Yi-Ngo,ยี่งอ,TH9604,Narathiwat,นราธิวาส,TH96,Thailand,ประเทศไทย,TH,ภาคใต้ตอนล่าง,ภาคใต้,เมืองรอง
Ra-Ngae,ระแงะ,TH9605,Narathiwat,นราธิวาส,TH96,Thailand,ประเทศไทย,TH,ภาคใต้ตอนล่าง,ภาคใต้,เมืองรอง
Rueso,รือเสาะ,TH9606,Narathiwat,นราธิวาส,TH96,Thailand,ประเทศไทย,TH,ภาคใต้ตอนล่าง,ภาคใต้,เมืองรอง
Si Sakhon,ศรีสาคร,TH9607,Narathiwat,นราธิวาส,TH96,Thailand,ประเทศไทย,TH,ภาคใต้ตอนล่าง,ภาคใต้,เมืองรอง
Waeng,แว้ง,TH9608,Narathiwat,นราธิวาส,TH96,Thailand,ประเทศไทย,TH,ภาคใต้ตอนล่าง,ภาคใต้,เมืองรอง
Sukhirin,สุคิริน,TH9609,Narathiwat,นราธิวาส,TH96,Thailand,ประเทศไทย,TH,ภาคใต้ตอนล่าง,ภาคใต้,เมืองรอง
Su-Ngai Kolok,สุไหงโก-ลก,TH9610,Narathiwat,นราธิวาส,TH96,Thailand,ประเทศไทย,TH,ภาคใต้ตอนล่าง,ภาคใต้,เมืองรอง
Su-Ngai Padi,สุไหงปาดี,TH9611,Narathiwat,นราธิวาส,TH96,Thailand,ประเทศไทย,TH,ภาคใต้ตอนล่าง,ภาคใต้,เมืองรอง
Chanae,จะแนะ,TH9612,Narathiwat,นราธิวาส,TH96,Thailand,ประเทศไทย,TH,ภาคใต้ตอนล่าง,ภาคใต้,เมืองรอง
Cho-Airong,เจาะไอร้อง,TH9613,Narathiwat,นราธิวาส,TH96,Thailand,ประเทศไทย,TH,ภาคใต้ตอนล่าง,ภาคใต้,เมืองรอง
